Symbol,Sector,,,,,
RELIANCE,Oil & Gas - Refining & Marketing,,,,,
HDFCBANK,Private Banks,,,,,
TCS,IT Services & Consulting,,,,,
BHARTIARTL,Telecom Services,,,,,
ICICIBANK,Private Banks,,,,,
SBIN,Public Banks,,,,,
INFY,IT Services & Consulting,,,,,
HINDUNILVR,FMCG - Household Products,,,,,
LICI,Insurance,,,,,
BAJFINANCE,Consumer Finance,,,,,
ITC,FMCG - Tobacco,,,,,
LT,Construction & Engineering,,,,,
HCLTECH,IT Services & Consulting,,,,,
KOTAKBANK,Private Banks,,,,,
SUNPHARMA,Pharmaceuticals,,,,,
MARUTI,Four Wheelers,,,,,
M&M,Four Wheelers,,,,,
ULTRACEMCO,Cement,,,,,
AXISBANK,Private Banks,,,,,
NTPC,Power Generation,,,,,
HAL,Aerospace & Defense Equipments,,,,,
BAJAJFINSV,Insurance,,,,,
ADANIPORTS,Ports,,,,,
ONGC,Oil & Gas - Exploration & Production,,,,,
TITAN,"Precious Metals, Jewellery & Watches",,,,,
ADANIENT,Commodities Trading,,,,,
BEL,Electronic Equipments,,,,,
POWERGRID,Power Transmission & Distribution,,,,,
WIPRO,IT Services & Consulting,,,,,
DMART,Retail - Department Stores,,,,,
JSWSTEEL,Iron & Steel,,,,,
TATAMOTORS,Four Wheelers,,,,,
ETERNAL,Online Services,,,,,
COALINDIA,Mining - Coal,,,,,
ADANIPOWER,Power Generation,,,,,
NESTLEIND,FMCG - Foods,,,,,
ASIANPAINT,Paints,,,,,
INDIGO,Airlines,,,,,
BAJAJ-AUTO,Two Wheelers,,,,,
IOC,Oil & Gas - Refining & Marketing,,,,,
DLF,Real Estate,,,,,
JIOFIN,Consumer Finance,,,,,
TATASTEEL,Iron & Steel,,,,,
TRENT,Retail - Apparel,,,,,
GRASIM,Cement,,,,,
SBILIFE,Insurance,,,,,
HINDZINC,Mining - Diversified,,,,,
DIVISLAB,Labs & Life Sciences Services,,,,,
IRFC,Specialized Finance,,,,,
VEDL,Metals - Diversified,,,,,
HYUNDAI,Four Wheelers,,,,,
ADANIGREEN,Renewable Energy,,,,,
HDFCLIFE,Insurance,,,,,
BAJAJHLDNG,Asset Management,,,,,
VBL,Soft Drinks,,,,,
TECHM,IT Services & Consulting,,,,,
LTIM,IT Services & Consulting,,,,,
EICHERMOT,Trucks & Buses,,,,,
PIDILITIND,Diversified Chemicals,,,,,
BPCL,Oil & Gas - Refining & Marketing,,,,,
HINDALCO,Metals - Aluminium,,,,,
AMBUJACEM,Cement,,,,,
LODHA,Real Estate,,,,,
PFC,Specialized Finance,,,,,
BRITANNIA,FMCG - Foods,,,,,
SOLARINDS,Commodity Chemicals,,,,,
TVSMOTOR,Two Wheelers,,,,,
GODREJCP,FMCG - Personal Products,,,,,
TATAPOWER,Power Transmission & Distribution,,,,,
CHOLAFIN,Consumer Finance,,,,,
PNB,Public Banks,,,,,
SHRIRAMFIN,Consumer Finance,,,,,
MAZDOCK,Shipbuilding,,,,,
BANKBARODA,Public Banks,,,,,
MAXHEALTH,Hospitals & Diagnostic Centres,,,,,
GAIL,Gas Distribution,,,,,
CIPLA,Pharmaceuticals,,,,,
ABB,Heavy Electrical Equipments,,,,,
TORNTPHARM,Pharmaceuticals,,,,,
SIEMENS,Conglomerates,,,,,
UNIONBANK,Public Banks,,,,,
SHREECEM,Cement,,,,,
BOSCHLTD,Auto Parts,,,,,
MANKIND,Pharmaceuticals,,,,,
ENRIN,Power Generation,,,,,
HDFCAMC,Asset Management,,,,,
IDBI,Private Banks,,,,,
MOTHERSON,Auto Parts,,,,,
MUTHOOTFIN,Consumer Finance,,,,,
INDUSTOWER,Telecom Infrastructure,,,,,
CGPOWER,Heavy Electrical Equipments,,,,,
TATACONSUM,Tea & Coffee,,,,,
ADANIENSOL,Power Infrastructure,,,,,
RECLTD,Specialized Finance,,,,,
DRREDDY,Pharmaceuticals,,,,,
APOLLOHOSP,Hospitals & Diagnostic Centres,,,,,
INDHOTEL,"Hotels, Resorts & Cruise Lines",,,,,
CANBK,Public Banks,,,,,
POLYCAB,Electrical Components & Equipments,,,,,
ICICIGI,Insurance,,,,,
BSE,Stock Exchanges & Ratings,,,,,
BAJAJHFL,Consumer Finance,,,,,
UNITDSPR,Alcoholic Beverages,,,,,
CUMMINSIND,Industrial Machinery,,,,,
ZYDUSLIFE,Pharmaceuticals,,,,,
ICICIPRULI,Insurance,,,,,
GMRAIRPORT,Construction & Engineering,,,,,
DIXON,Home Electronics & Appliances,,,,,
HAVELLS,Electrical Components & Equipments,,,,,
JINDALSTEL,Iron & Steel,,,,,
MARICO,FMCG - Personal Products,,,,,
SRF,Diversified Chemicals,,,,,
DABUR,FMCG - Personal Products,,,,,
NTPCGREEN,Renewable Energy,,,,,
JSWENERGY,Power Generation,,,,,
WAAREEENER,Renewable Energy Equipment & Services,,,,,
HINDPETRO,Oil & Gas - Refining & Marketing,,,,,
NAUKRI,Online Services,,,,,
SWIGGY,Online Services,,,,,
SUZLON,Renewable Energy Equipment & Services,,,,,
BHEL,Heavy Electrical Equipments,,,,,
NHPC,Renewable Energy,,,,,
BHARTIHEXA,Telecom Services,,,,,
LUPIN,Pharmaceuticals,,,,,
PERSISTENT,Software Services,,,,,
SBICARD,Payment Infrastructure,,,,,
INDIANB,Public Banks,,,,,
HEROMOTOCO,Two Wheelers,,,,,
POLICYBZR,Online Services,,,,,
IDEA,Telecom Services,,,,,
POWERINDIA,Heavy Electrical Equipments,,,,,
RVNL,Specialized Finance,,,,,
LLOYDSME,Iron & Steel,,,,,
OFSS,Software Services,,,,,
PRESTIGE,Real Estate,,,,,
IOB,Public Banks,,,,,
ASHOKLEY,Trucks & Buses,,,,,
ABBOTINDIA,Pharmaceuticals,,,,,
OIL,Oil & Gas - Exploration & Production,,,,,
ATGL,Gas Distribution,,,,,
ABCAPITAL,Diversified Financials,,,,,
TORNTPOWER,Power Transmission & Distribution,,,,,
COROMANDEL,Fertilizers & Agro Chemicals,,,,,
HDBFS,Consumer Finance,,,,,
GODREJPROP,Real Estate,,,,,
INDUSINDBK,Private Banks,,,,,
GICRE,Insurance,,,,,
BDL,Aerospace & Defense Equipments,,,,,
AUROPHARMA,Pharmaceuticals,,,,,
SCHAEFFLER,Auto Parts,,,,,
JSWINFRA,Ports,,,,,
OBEROIRLTY,Real Estate,,,,,
BERGEPAINT,Paints,,,,,
COLPAL,FMCG - Personal Products,,,,,
VMM,FMCG - Foods,,,,,
MRF,Tires & Rubber,,,,,
NYKAA,Wellness Services,,,,,
COFORGE,IT Services & Consulting,,,,,
YESBANK,Private Banks,,,,,
GLENMARK,Pharmaceuticals,,,,,
PAYTM,Online Services,,,,,
UNOMINDA,Auto Parts,,,,,
IRCTC,Online Services,,,,,
PIIND,Diversified Chemicals,,,,,
NMDC,Mining - Iron Ore,,,,,
PATANJALI,Packaged Foods & Meats,,,,,
KALYANKJIL,"Precious Metals, Jewellery & Watches",,,,,
AUBANK,Consumer Finance,,,,,
UPL,Fertilizers & Agro Chemicals,,,,,
FORTIS,Hospitals & Diagnostic Centres,,,,,
GVT&D,Heavy Electrical Equipments,,,,,
FACT,Fertilizers & Agro Chemicals,,,,,
LINDEINDIA,Commodity Chemicals,,,,,
ALKEM,Pharmaceuticals,,,,,
BHARATFORG,Iron & Steel,,,,,
JSL,Iron & Steel,,,,,
MOTILALOFS,Diversified Financials,,,,,
SUNDARMFIN,Consumer Finance,,,,,
TIINDIA,Cycles,,,,,
SAIL,Iron & Steel,,,,,
IDFCFIRSTB,Private Banks,,,,,
MFSL,Insurance,,,,,
PAGEIND,Apparel & Accessories,,,,,
PHOENIXLTD,Real Estate,,,,,
GLAXO,Pharmaceuticals,,,,,
MPHASIS,IT Services & Consulting,,,,,
BANKINDIA,Public Banks,,,,,
SUPREMEIND,Plastic Products,,,,,
FEDERALBNK,Private Banks,,,,,
UBL,Alcoholic Beverages,,,,,
HEXT,IT Services & Consulting,,,,,
NAM-INDIA,Asset Management,,,,,
LTF,Consumer Finance,,,,,
BALKRISIND,Tires & Rubber,,,,,
COCHINSHIP,Shipbuilding,,,,,
BIOCON,Biotechnology,,,,,
JKCEMENT,Cement,,,,,
PREMIERENE,Renewable Energy,,,,,
TATACOMM,Telecom Services,,,,,
ITCHOTELS,"Hotels, Resorts & Cruise Lines",,,,,
360ONE,Investment Banking & Brokerage,,,,,
GODFRYPHLP,FMCG - Tobacco,,,,,
APLAPOLLO,Building Products - Pipes,,,,,
CONCOR,Logistics,,,,,
HUDCO,Specialized Finance,,,,,
LTTS,Software Services,,,,,
PETRONET,Oil & Gas - Storage & Transportation,,,,,
VOLTAS,Home Electronics & Appliances,,,,,
JUBLFOOD,Restaurants & Cafes,,,,,
IREDA,Specialized Finance,,,,,
LAURUSLABS,Pharmaceuticals,,,,,
AIIL,Specialized Finance,,,,,
CRISIL,Stock Exchanges & Ratings,,,,,
MAHABANK,Public Banks,,,,,
PGHH,FMCG - Personal Products,,,,,
MCX,Stock Exchanges & Ratings,,,,,
NH,Hospitals & Diagnostic Centres,,,,,
KPRMILL,Textiles,,,,,
DALBHARAT,Cement,,,,,
KAYNES,Electrical Components & Equipments,,,,,
ASTRAL,Building Products - Pipes,,,,,
UCOBANK,Public Banks,,,,,
COHANCE,Pharmaceuticals,,,,,
THERMAX,Industrial Machinery,,,,,
SJVN,Renewable Energy,,,,,
CHOLAHLDNG,Diversified Financials,,,,,
TATAELXSI,Software Services,,,,,
ENDURANCE,Auto Parts,,,,,
BLUESTARCO,Home Electronics & Appliances,,,,,
FLUOROCHEM,Specialty Chemicals,,,,,
M&MFIN,Consumer Finance,,,,,
ACC,Cement,,,,,
IPCALAB,Pharmaceuticals,,,,,
GODREJIND,Diversified Chemicals,,,,,
RADICO,Alcoholic Beverages,,,,,
ESCORTS,Tractors,,,,,
HONAUT,Electronic Equipments,,,,,
MEDANTA,Hospitals & Diagnostic Centres,,,,,
KEI,Cables,,,,,
POONAWALLA,Consumer Finance,,,,,
APARINDS,Electrical Components & Equipments,,,,,
CDSL,Stock Exchanges & Ratings,,,,,
GILLETTE,FMCG - Personal Products,,,,,
NATIONALUM,Metals - Aluminium,,,,,
AWL,FMCG - Foods,,,,,
CENTRALBK,Public Banks,,,,,
KPITTECH,IT Services & Consulting,,,,,
3MINDIA,Stationery,,,,,
LICHSGFIN,Home Financing,,,,,
AJANTPHARM,Pharmaceuticals,,,,,
TATAINVEST,Asset Management,,,,,
EXIDEIND,Batteries,,,,,
GODIGIT,Insurance,,,,,
EMBASSY,Real Estate,,,,,
METROBRAND,Footwear,,,,,
GUJGASLTD,Gas Distribution,,,,,
NLCINDIA,Metals - Diversified,,,,,
AIAENG,Industrial Machinery,,,,,
GLAND,Pharmaceuticals,,,,,
ITI,Telecom Equipments,,,,,
GRSE,Shipbuilding,,,,,
NBCC,Construction & Engineering,,,,,
IGL,Gas Distribution,,,,,
DELHIVERY,Logistics,,,,,
NIACL,Insurance,,,,,
ASTERDM,Hospitals & Diagnostic Centres,,,,,
WOCKPHARMA,Pharmaceuticals,,,,,
PEL,Diversified Financials,,,,,
ISEC,Investment Banking & Brokerage,,,,,
TATATECH,IT Services & Consulting,,,,,
IRB,Construction & Engineering,,,,,
APOLLOTYRE,Tires & Rubber,,,,,
INOXWIND,Heavy Electrical Equipments,,,,,
AEGISVOPAK,Oil & Gas - Storage & Transportation,,,,,
KIMS,Hospitals & Diagnostic Centres,,,,,
PNBHOUSING,Home Financing,,,,,
BANDHANBNK,Private Banks,,,,,
SONACOMS,Auto Parts,,,,,
MSUMI,Cables,,,,,
BAYERCROP,Fertilizers & Agro Chemicals,,,,,
AFFLE,Advertising,,,,,
PPLPHARMA,Pharmaceuticals,,,,,
SUMICHEM,Commodity Chemicals,,,,,
RPOWER,Power Generation,,,,,
DEEPAKNTR,Commodity Chemicals,,,,,
RAMCOCEM,Cement,,,,,
NUVAMA,Diversified Financials,,,,,
IKS,Health Care Equipment & Supplies,,,,,
BRIGADE,Real Estate,,,,,
TVSHLTD,Auto Parts,,,,,
AEGISLOG,Oil & Gas - Storage & Transportation,,,,,
AMBER,Home Electronics & Appliances,,,,,
EMCURE,Pharmaceuticals,,,,,
SYNGENE,Labs & Life Sciences Services,,,,,
JBCHEPHARM,Pharmaceuticals,,,,,
EMAMILTD,FMCG - Personal Products,,,,,
HSCL,Commodity Chemicals,,,,,
NAVINFLUOR,Specialty Chemicals,,,,,
HINDCOPPER,Mining - Copper,,,,,
TIMKEN,Industrial Machinery,,,,,
MRPL,Oil & Gas - Refining & Marketing,,,,,
STARHEALTH,Insurance,,,,,
PFIZER,Pharmaceuticals,,,,,
ABREL,Textiles,,,,,
ZFCVINDIA,Auto Parts,,,,,
JSWHL,Asset Management,,,,,
ABSLAMC,Asset Management,,,,,
ANGELONE,Investment Banking & Brokerage,,,,,
WELCORP,Iron & Steel,,,,,
LALPATHLAB,Hospitals & Diagnostic Centres,,,,,
REDINGTON,Technology Hardware,,,,,
FSL,Outsourced services,,,,,
SKFINDIA,Industrial Machinery,,,,,
CESC,Power Generation,,,,,
SHYAMMETL,Iron & Steel,,,,,
ERIS,Pharmaceuticals,,,,,
TATACHEM,Diversified Chemicals,,,,,
EIHOTEL,"Hotels, Resorts & Cruise Lines",,,,,
JYOTICNC,Industrial Machinery,,,,,
KEC,Construction & Engineering,,,,,
CPSEETF,Equity,,,,,
FIVESTAR,Consumer Finance,,,,,
ASTRAZEN,Pharmaceuticals,,,,,
ONESOURCE,Biotechnology,,,,,
SUNTV,TV Channels & Broadcasters,,,,,
POLYMED,Health Care Equipment & Supplies,,,,,
PSB,Public Banks,,,,,
MANAPPURAM,Consumer Finance,,,,,
IIFL,Investment Banking & Brokerage,,,,,
ATUL,Diversified Chemicals,,,,,
PGEL,Electronic Equipments,,,,,
CASTROLIND,Commodity Chemicals,,,,,
FORCEMOT,Four Wheelers,,,,,
KFINTECH,Business Support Services,,,,,
PTCIL,Iron & Steel,,,,,
CHAMBLFERT,Fertilizers & Agro Chemicals,,,,,
CROMPTON,Home Electronics & Appliances,,,,,
KARURVYSYA,Private Banks,,,,,
SUNDRMFAST,Auto Parts,,,,,
BASF,Diversified Chemicals,,,,,
CREDITACC,Consumer Finance,,,,,
DCMSHRIRAM,Diversified Chemicals,,,,,
ANANDRATHI,Asset Management,,,,,
SAGILITY,Specialized Finance,,,,,
HATSUN,FMCG - Foods,,,,,
DEVYANI,Restaurants & Cafes,,,,,
TRITURBINE,Heavy Electrical Equipments,,,,,
EIDPARRY,Sugar,,,,,
KPIL,Power Infrastructure,,,,,
CAMS,Diversified Financials,,,,,
ASAHIINDIA,Auto Parts,,,,,
APLLTD,Pharmaceuticals,,,,,
VINATIORGA,Specialty Chemicals,,,,,
NXST,Real Estate,,,,,
MINDSPACE,Real Estate,,,,,
SCHNEIDER,Heavy Electrical Equipments,,,,,
RATNAMANI,Building Products - Pipes,,,,,
KANSAINER,Paints,,,,,
AADHARHFC,Consumer Finance,,,,,
DEEPAKFERT,Fertilizers & Agro Chemicals,,,,,
OLAELEC,Two Wheelers,,,,,
ANANTRAJ,Real Estate,,,,,
CONCORDBIO,Pharmaceuticals,,,,,
MANYAVAR,Textiles,,,,,
BEML,Rail,,,,,
GRINDWELL,Industrial Machinery,,,,,
ABLBL,Retail - Apparel,,,,,
CHALET,"Hotels, Resorts & Cruise Lines",,,,,
CARBORUNIV,Industrial Machinery,,,,,
JUBLPHARMA,Pharmaceuticals,,,,,
KAJARIACER,Building Products - Ceramics,,,,,
NEULANDLAB,Pharmaceuticals,,,,,
JPPOWER,Renewable Energy,,,,,
FIRSTCRY,Retail - Apparel,,,,,
IEX,Power Trading & Consultancy,,,,,
ZENSARTECH,IT Services & Consulting,,,,,
GSPL,Gas Distribution,,,,,
ARE&M,Batteries,,,,,
BIKAJI,FMCG - Foods,,,,,
VENTIVE,"Hotels, Resorts & Cruise Lines",,,,,
UTIAMC,Asset Management,,,,,
IRCON,Construction & Engineering,,,,,
TECHNOE,Construction & Engineering,,,,,
KIOCL,Iron & Steel,,,,,
ACMESOLAR,Renewable Energy,,,,,
SIGNATURE,Real Estate,,,,,
WHIRLPOOL,Home Electronics & Appliances,,,,,
NATCOPHARM,Pharmaceuticals,,,,,
ELGIEQUIP,Industrial Machinery,,,,,
LMW,Industrial Machinery,,,,,
APTUS,Home Financing,,,,,
SAILIFE,Biotechnology,,,,,
VGUARD,Electrical Components & Equipments,,,,,
NAVA,Iron & Steel,,,,,
KIRLOSBROS,Industrial Machinery,,,,,
CGCL,Consumer Finance,,,,,
IFCI,Specialized Finance,,,,,
IGIL,Education Services,,,,,
ECLERX,Outsourced services,,,,,
NIVABUPA,Insurance,,,,,
LTFOODS,Packaged Foods & Meats,,,,,
HBLENGINE,Batteries,,,,,
AKZOINDIA,Specialty Chemicals,,,,,
BLUEJET,Pharmaceuticals,,,,,
SOBHA,Real Estate,,,,,
JMFINANCIL,Investment Banking & Brokerage,,,,,
INDIAMART,Online Services,,,,,
ELITECON,FMCG - Tobacco,,,,,
ZENTEC,Electronic Equipments,,,,,
CENTURYPLY,Wood Products,,,,,
INTELLECT,Software Services,,,,,
CIEINDIA,Auto Parts,,,,,
FINEORG,Specialty Chemicals,,,,,
MAHSCOOTER,Two Wheelers,,,,,
BLUEDART,Logistics,,,,,
AARTIIND,Specialty Chemicals,,,,,
RBLBANK,Private Banks,,,,,
DATAPATTNS,Aerospace & Defense Equipments,,,,,
GABRIEL,Auto Parts,,,,,
RELINFRA,Power Infrastructure,,,,,
BATAINDIA,Footwear,,,,,
CUB,Private Banks,,,,,
TRIDENT,Textiles,,,,,
CEATLTD,Tires & Rubber,,,,,
AAVAS,Home Financing,,,,,
EMBDL,Real Estate,,,,,
JWL,Rail,,,,,
BLS,Outsourced services,,,,,
PCBL,Commodity Chemicals,,,,,
RAINBOW,Hospitals & Diagnostic Centres,,,,,
SARDAEN,Iron & Steel,,,,,
AFCONS,Construction & Engineering,,,,,
UTISENSETF,Equity,,,,,
RRKABEL,Cables,,,,,
CLEAN,Specialty Chemicals,,,,,
CAPLIPOINT,Pharmaceuticals,,,,,
TARIL,Heavy Electrical Equipments,,,,,
SPLPETRO,Specialty Chemicals,,,,,
KSB,Industrial Machinery,,,,,
JBMA,Auto Parts,,,,,
NEWGEN,Software Services,,,,,
GODREJAGRO,Agro Products,,,,,
ITDCEM,Construction & Engineering,,,,,
MGL,Gas Distribution,,,,,
THELEELA,"Hotels, Resorts & Cruise Lines",,,,,
FINCABLES,Cables,,,,,
TBOTEK,Tour & Travel Services,,,,,
HOMEFIRST,Home Financing,,,,,
JINDALSAW,Building Products - Pipes,,,,,
CYIENT,Software Services,,,,,
VTL,Textiles,,,,,
CRAFTSMAN,Industrial Machinery,,,,,
CHOICEIN,Investment Banking & Brokerage,,,,,
GESHIP,Oil & Gas - Storage & Transportation,,,,,
DOMS,Stationery,,,,,
NCC,Construction & Engineering,,,,,
SWANENERGY,Textiles,,,,,
ELECON,Heavy Electrical Equipments,,,,,
ACE,Heavy Machinery,,,,,
ENGINERSIN,Construction & Engineering,,,,,
PARADEEP,Fertilizers & Agro Chemicals,,,,,
GALLANTT,Iron & Steel,,,,,
CELLO,FMCG - Household Products,,,,,
ZEEL,TV Channels & Broadcasters,,,,,
SANOFI,Pharmaceuticals,,,,,
ABDL,Alcoholic Beverages,,,,,
Ltd,BBTC,,,,,
INDGN,Business Support Services,,,,,
AGARWALEYE,Hospitals & Diagnostic Centres,,,,,
RITES,Business Support Services,,,,,
DBREALTY,Real Estate,,,,,
KIRLOSENG,Industrial Machinery,,,,,
INGERRAND,Industrial Machinery,,,,,
WELSPUNLIV,Textiles,,,,,
ALIVUS,Pharmaceuticals,,,,,
RAILTEL,Communication & Networking,,,,,
JYOTHYLAB,FMCG - Household Products,,,,,
CUBEINVIT,Roads,,,,,
NUVOCO,Cement,,,,,
ATHERENERG,Two Wheelers,,,,,
ZYDUSWELL,FMCG - Foods,,,,,
SBFC,Specialized Finance,,,,,
JUBLINGREA,Specialty Chemicals,,,,,
FINPIPE,Building Products - Pipes,,,,,
TITAGARH,Rail,,,,,
ANURAS,Specialty Chemicals,,,,,
TTML,Telecom Services,,,,,
GRAVITA,Metals - Lead,,,,,
NAZARA,Theme Parks & Gaming,,,,,
BALRAMCHIN,Sugar,,,,,
J&KBANK,Private Banks,,,,,
GRINFRA,Construction & Engineering,,,,,
WESTLIFE,Restaurants & Cafes,,,,,
TEJASNET,Telecom Equipments,,,,,
GPIL,Iron & Steel,,,,,
RELAXO,Footwear,,,,,
MINDACORP,Auto Parts,,,,,
SYRMA,Electronic Equipments,,,,,
LEMONTREE,"Hotels, Resorts & Cruise Lines",,,,,
SONATSOFTW,IT Services & Consulting,,,,,
GMDCLTD,Mining - Diversified,,,,,
USHAMART,Iron & Steel,,,,,
HFCL,Telecom Equipments,,,,,
SANOFICONR,Pharmaceuticals,,,,,
MARKSANS,Pharmaceuticals,,,,,
TEGA,Industrial Machinery,,,,,
GRANULES,Pharmaceuticals,,,,,
RKFORGE,Rail,,,,,
CCL,Tea & Coffee,,,,,
BSOFT,IT Services & Consulting,,,,,
PGINVIT,Power Transmission & Distribution,,,,,
ALKYLAMINE,Specialty Chemicals,,,,,
NSLNISP,Iron & Steel,,,,,
GRAPHITE,Electrical Components & Equipments,,,,,
JKLAKSHMI,Cement,,,,,
GENUSPOWER,Electronic Equipments,,,,,
EUREKAFORB,FMCG - Household Products,,,,,
LLOYDSENT,Iron & Steel,,,,,
SHAKTIPUMP,Industrial Machinery,,,,,
NETWEB,IT Services & Consulting,,,,,
PCJEWELLER,"Precious Metals, Jewellery & Watches",,,,,
PRUDENT,Asset Management,,,,,
INOXINDIA,Industrial Machinery,,,,,
JAIBALAJI,Iron & Steel,,,,,
LLOYDSENGG,Industrial Machinery,,,,,
ELANTAS,Electrical Components & Equipments,,,,,
CHENNPETRO,Oil & Gas - Refining & Marketing,,,,,
ICICIB22,Equity,,,,,
ASKAUTOLTD,Auto Parts,,,,,
INDIACEM,Cement,,,,,
SAFARI,Apparel & Accessories,,,,,
SUNDARMHLD,Diversified Financials,,,,,
SAPPHIRE,Restaurants & Cafes,,,,,
BANKBEES,Equity,,,,,
CANFINHOME,Home Financing,,,,,
BIRLACORPN,Cement,,,,,
MEDPLUS,Online Services,,,,,
VESUVIUS,Industrial Machinery,,,,,
VIJAYA,Hospitals & Diagnostic Centres,,,,,
SHRIPISTON,Auto Parts,,,,,
EDELWEISS,Diversified Financials,,,,,
BELRISE,Auto Parts,,,,,
KPIGREEN,Renewable Energy,,,,,
ALOKINDS,Textiles,,,,,
AETHER,Specialty Chemicals,,,,,
HEG,Electrical Components & Equipments,,,,,
INDIASHLTR,Home Financing,,,,,
POWERMECH,Construction & Engineering,,,,,
MMTC,Commodities Trading,,,,,
WAAREERTL,Renewable Energy,,,,,
TIMETECHNO,Plastic Products,,,,,
SAMMAANCAP,Home Financing,,,,,
SCI,Logistics,,,,,
IIFLCAPS,Diversified Financials,,,,,
TRANSRAILL,Power Infrastructure,,,,,
JKTYRE,Tires & Rubber,,,,,
AZAD,Renewable Energy Equipment & Services,,,,,
OLECTRA,Electrical Components & Equipments,,,,,
KAMAHOLD,Conglomerates,,,,,
AVANTIFEED,Packaged Foods & Meats,,,,,
MAPMYINDIA,Software Services,,,,,
RHIM,Cement,,,,,
SUDARSCHEM,Diversified Chemicals,,,,,
JLHL,Hospitals & Diagnostic Centres,,,,,
METROPOLIS,Hospitals & Diagnostic Centres,,,,,
BIRET,Real Estate,,,,,
VOLTAMP,Heavy Electrical Equipments,,,,,
PGHL,Pharmaceuticals,,,,,
PVRINOX,Theatres,,,,,
INDIGRID,Power Transmission & Distribution,,,,,
UJJIVANSFB,Private Banks,,,,,
BANCOINDIA,Auto Parts,,,,,
MAHSEAMLES,Building Products - Pipes,,,,,
KIRLFER,Iron & Steel,,,,,
TCI,Logistics,,,,,
ASTRAMICRO,Communication & Networking,,,,,
CARTRADE,Online Services,,,,,
HONASA,FMCG - Personal Products,,,,,
ACUTAAS,Biotechnology,,,,,
HAPPSTMNDS,IT Services & Consulting,,,,,
PRIVISCL,Specialty Chemicals,,,,,
ABFRL,Retail - Apparel,,,,,
SAREGAMA,Movies & TV Serials,,,,,
GARFIBRES,Textiles,,,,,
BENGALASM,Diversified Financials,,,,,
MANORAMA,Packaged Foods & Meats,,,,,
AURIONPRO,IT Services & Consulting,,,,,
GALAXYSURF,Specialty Chemicals,,,,,
WABAG,Water Management,,,,,
PRAJIND,Construction & Engineering,,,,,
KIRLPNU,Industrial Machinery,,,,,
BECTORFOOD,FMCG - Foods,,,,,
ARVIND,Apparel & Accessories,,,,,
SHILPAMED,Pharmaceuticals,,,,,
LATENTVIEW,IT Services & Consulting,,,,,
BBOX,Software Services,,,,,
CAMPUS,Apparel & Accessories,,,,,
RELIGARE,Investment Banking & Brokerage,,,,,
HAPPYFORGE,Heavy Machinery,,,,,
DIACABS,Electrical Components & Equipments,,,,,
ISGEC,Heavy Machinery,,,,,
KRBL,Packaged Foods & Meats,,,,,
DODLA,FMCG - Foods,,,,,
NETWORK18,Movies & TV Serials,,,,,
BANKNIFTY1,Equity,,,,,
KALPATARU,Real Estate,,,,,
RTNINDIA,Power Trading & Consultancy,,,,,
TTKPRESTIG,Home Electronics & Appliances,,,,,
CERA,Building Products - Ceramics,,,,,
CMSINFO,Software Services,,,,,
TANLA,Software Services,,,,,
STARCEMENT,Cement,,,,,
RTNPOWER,Power Generation,,,,,
ACI,Commodity Chemicals,,,,,
SANSERA,Auto Parts,,,,,
NESCO,Real Estate,,,,,
AARTIPHARM,Labs & Life Sciences Services,,,,,
AKUMS,Pharmaceuticals,,,,,
VARROC,Auto Parts,,,,,
GRWRHITECH,Commodity Chemicals,,,,,
STAR,Pharmaceuticals,,,,,
SETFNIF50,Equity,,,,,
EBBETF0423,Debt,,,,,
RCF,Fertilizers & Agro Chemicals,,,,,
TIPSMUSIC,Movies & TV Serials,,,,,
RUSTOMJEE,Real Estate,,,,,
MAXESTATES,Real Estate,,,,,
GANESHHOUC,Real Estate,,,,,
GMRP&UI,Power Generation,,,,,
PNGJL,"Precious Metals, Jewellery & Watches",,,,,
ELLEN,Commodity Chemicals,,,,,
GSFC,Fertilizers & Agro Chemicals,,,,,
TRIVENI,Sugar,,,,,
FDC,Pharmaceuticals,,,,,
DBL,Construction & Engineering,,,,,
JUSTDIAL,Online Services,,,,,
ESABINDIA,Industrial Machinery,,,,,
PRSMJOHNSN,Cement,,,,,
SOUTHBANK,Private Banks,,,,,
SYMPHONY,Home Electronics & Appliances,,,,,
GNFC,Fertilizers & Agro Chemicals,,,,,
BLACKBUCK,Logistics,,,,,
LUMAXTECH,Auto Parts,,,,,
PNCINFRA,Construction & Engineering,,,,,
SWSOLAR,Renewable Energy Equipment & Services,,,,,
OSWALPUMPS,Industrial Machinery,,,,,
SANDUMA,Mining - Diversified,,,,,
AJAXENGG,Construction & Engineering,,,,,
MASTEK,IT Services & Consulting,,,,,
RAYMONDLSL,Apparel & Accessories,,,,,
TDPOWERSYS,Heavy Electrical Equipments,,,,,
BAJAJELEC,Home Electronics & Appliances,,,,,
BALUFORGE,Construction & Engineering,,,,,
THOMASCOOK,Tour & Travel Services,,,,,
GPPL,Ports,,,,,
HMT,Industrial Machinery,,,,,
MAHLIFE,Real Estate,,,,,
HCG,Hospitals & Diagnostic Centres,,,,,
EPL,Packaging,,,,,
MIDHANI,Metals - Diversified,,,,,
EPIGRAL,Commodity Chemicals,,,,,
REDTAPE,Retail - Apparel,,,,,
MOIL,Mining - Manganese,,,,,
ELECTCAST,Building Products - Pipes,,,,,
SHAILY,Industrial Machinery,,,,,
SFL,Home Furnishing,,,,,
KTKBANK,Private Banks,,,,,
DHANUKA,Fertilizers & Agro Chemicals,,,,,
BORORENEW,Housewares,,,,,
EQUITASBNK,Private Banks,,,,,
ETHOSLTD,"Precious Metals, Jewellery & Watches",,,,,
CSBBANK,Private Banks,,,,,
JUNIPER,"Hotels, Resorts & Cruise Lines",,,,,
WELENT,Construction & Engineering,,,,,
PGIL,Apparel & Accessories,,,,,
MHRIL,"Hotels, Resorts & Cruise Lines",,,,,
SHARDACROP,Fertilizers & Agro Chemicals,,,,,
TIIL,Industrial Machinery,,,,,
TMB,Private Banks,,,,,
HGINFRA,Construction & Engineering,,,,,
MANINFRA,Construction & Engineering,,,,,
AHLUCONT,Construction & Engineering,,,,,
IXIGO,Online Services,,,,,
IONEXCHANG,Environmental Services,,,,,
RALLIS,Fertilizers & Agro Chemicals,,,,,
SURYAROSNI,Iron & Steel,,,,,
RENUKA,Sugar,,,,,
JSLL,Pharmaceuticals,,,,,
VIPIND,Apparel & Accessories,,,,,
KOVAI,Hospitals & Diagnostic Centres,,,,,
GOKEX,Apparel & Accessories,,,,,
NHIT,Roads,,,,,
PURVA,Real Estate,,,,,
HNDFDS,FMCG - Foods,,,,,
ICRA,Stock Exchanges & Ratings,,,,,
EBBETF0430,Debt,,,,,
TI,Alcoholic Beverages,,,,,
CHEMPLASTS,Building Products - Pipes,,,,,
EMUDHRA,IT Services & Consulting,,,,,
JKPAPER,Paper Products,,,,,
V2RETAIL,Retail - Apparel,,,,,
BBETF0432,Debt,,,,,
BANSALWIRE,Iron & Steel,,,,,
SUNTECK,Real Estate,,,,,
SUPRAJIT,Auto Parts,,,,,
RESPONIND,Building Products - Granite,,,,,
PARAS,Aerospace & Defense Equipments,,,,,
TEXRAIL,Rail,,,,,
ENERGYINF,Oil & Gas - Storage & Transportation,,,,,
UNIMECH,Aerospace & Defense Equipments,,,,,
SUVEN,Pharmaceuticals,,,,,
INDIAGLYCO,Commodity Chemicals,,,,,
INTERISE,Roads,,,,,
ROUTE,IT Services & Consulting,,,,,
KNRCON,Construction & Engineering,,,,,
GREENLAM,Building Products - Laminates,,,,,
THYROCARE,Hospitals & Diagnostic Centres,,,,,
APOLLO,Electronic Equipments,,,,,
QPOWER,Power Trading & Consultancy,,,,,
IFBIND,Auto Parts,,,,,
SHILCTECH,Electronic Equipments,,,,,
VMART,Retail - Department Stores,,,,,
GULFOILLUB,Commodity Chemicals,,,,,
SHARDAMOTR,Auto Parts,,,,,
ARVINDFASN,Textiles,,,,,
GMMPFAUDLR,Industrial Machinery,,,,,
YATHARTH,Hospitals & Diagnostic Centres,,,,,
RAJESHEXPO,"Precious Metals, Jewellery & Watches",,,,,
SUBROS,Auto Parts,,,,,
THANGAMAYL,"Precious Metals, Jewellery & Watches",,,,,
TARC,Real Estate,,,,,
AXISCADES,Construction & Engineering,,,,,
GHCL,Commodity Chemicals,,,,,
PILANIINVS,Asset Management,,,,,
AVALON,Electronic Equipments,,,,,
SHOPERSTOP,Retail - Department Stores,,,,,
TVSSCS,Logistics,,,,,
CRIZAC,,,,,,
ASHOKA,Construction & Engineering,,,,,
SUPRIYA,Pharmaceuticals,,,,,
ANUP,Textiles,,,,,
KSCL,Seeds,,,,,
INDIGOPNTS,Paints,,,,,
INFIBEAM,IT Services & Consulting,,,,,
BALAMINES,Specialty Chemicals,,,,,
REFEX,Commodity Chemicals,,,,,
STYRENIX,Commodity Chemicals,,,,,
SENCO,"Precious Metals, Jewellery & Watches",,,,,
ICIL,Textiles,,,,,
MASFIN,Diversified Financials,,,,,
KITEX,Apparel & Accessories,,,,,
RATEGAIN,Software Services,,,,,
RAYMONDREL,Real Estate,,,,,
WEBELSOLAR,Renewable Energy Equipment & Services,,,,,
CAMLINFINE,Specialty Chemicals,,,,,
ZAGGLE,Software Services,,,,,
CARERATING,Stock Exchanges & Ratings,,,,,
PRICOLLTD,Auto Parts,,,,,
KRN,Electrical Components & Equipments,,,,,
PDSL,Textiles,,,,,
FISCHER,Power Trading & Consultancy,,,,,
PTC,Power Trading & Consultancy,,,,,
INOXGREEN,Heavy Electrical Equipments,,,,,
ENTERO,Pharmaceuticals,,,,,
PICCADIL,Alcoholic Beverages,,,,,
INA,Renewable Energy,,,,,
SPICEJET,Airlines,,,,,
VRLLOG,Logistics,,,,,
JKIL,Construction & Engineering,,,,,
SIS,Business Support Services,,,,,
EMIL,Home Electronics & Appliances,,,,,
PFOCUS,Animation,,,,,
SKIPPER,Power Infrastructure,,,,,
LXCHEM,Specialty Chemicals,,,,,
SUNFLAG,Iron & Steel,,,,,
SAMHI,"Hotels, Resorts & Cruise Lines",,,,,
KENNAMET,Industrial Machinery,,,,,
HCC,Construction & Engineering,,,,,
SPARC,Pharmaceuticals,,,,,
OPTIEMUS,Technology Hardware,,,,,
JSFB,Private Banks,,,,,
AGI,Packaging,,,,,
GOLDBEES,Gold,,,,,
INNOVACAP,Pharmaceuticals,,,,,
RSYSTEMS,IT Services & Consulting,,,,,
ITDC,Tour & Travel Services,,,,,
VSTIND,FMCG - Tobacco,,,,,
HAWKINCOOK,Housewares,,,,,
FIEMIND,Auto Parts,,,,,
STLTECH,Telecom Equipments,,,,,
SWARAJENG,Tractors,,,,,
GAEL,Agro Products,,,,,
NACLIND,Fertilizers & Agro Chemicals,,,,,
NATIONSTD,Real Estate,,,,,
MARATHON,Real Estate,,,,,
63MOONS,IT Services & Consulting,,,,,
CEIGALL,Construction & Engineering,,,,,
BONDADA,Construction & Engineering,,,,,
RAIN,Commodity Chemicals,,,,,
EIEL,Water Management,,,,,
ORIANA,Construction & Engineering,,,,,
HEIDELBERG,Cement,,,,,
ORIENTCEM,Cement,,,,,
E2E,Software Services,,,,,
MPSLTD,Publishing,,,,,
CIGNITITEC,Software Services,,,,,
GOCOLORS,Apparel & Accessories,,,,,
DBCORP,Publishing,,,,,
SKYGOLD,"Precious Metals, Jewellery & Watches",,,,,
BHARATRAS,Fertilizers & Agro Chemicals,,,,,
RBA,Restaurants & Cafes,,,,,
GRAUWEIL,Specialty Chemicals,,,,,
NFL,Fertilizers & Agro Chemicals,,,,,
NIRLON,Real Estate,,,,,
DYNAMATECH,Auto Parts,,,,,
ORIENTELEC,Home Electronics & Appliances,,,,,
GREAVESCOT,Industrial Machinery,,,,,
JCHAC,Home Electronics & Appliances,,,,,
BANARISUG,Sugar,,,,,
SMLISUZU,Trucks & Buses,,,,,
MTARTECH,Industrial Machinery,,,,,
NIITMTS,Education Services,,,,,
ASHAPURMIN,Metals - Diversified,,,,,
SEQUENT,Pharmaceuticals,,,,,
AVL,Retail - Speciality,,,,,
GOKULAGRO,Packaged Foods & Meats,,,,,
TANFACIND,Diversified Chemicals,,,,,
RAYMOND,Apparel & Accessories,,,,,
ROADSTAR,Roads,,,,,
QUESS,Employment Services,,,,,
INDRAMEDCO,Hospitals & Diagnostic Centres,,,,,
SANATHAN,Textiles,,,,,
MCLOUD,IT Services & Consulting,,,,,
SGMART,Building Products - Others,,,,,
TINPLATE,Iron & Steel,,,,,
DCBBANK,Private Banks,,,,,
KOTIC,Fertilizers & Agro Chemicals,,,,,
AWFIS,Business Support Services,,,,,
NIFTYBEES,Equity,,,,,
SUNCLAY,Auto Parts,,,,,
FEDFINA,Diversified Financials,,,,,
GOPAL,FMCG - Foods,,,,,
AARTIDRUGS,Pharmaceuticals,,,,,
LUXIND,Apparel & Accessories,,,,,
HERITGFOOD,FMCG - Foods,,,,,
DATAMATICS,IT Services & Consulting,,,,,
GUJALKALI,Commodity Chemicals,,,,,
AVANTEL,Communication & Networking,,,,,
RAMKY,Construction & Engineering,,,,,
UNICHEMLAB,Pharmaceuticals,,,,,
JINDWORLD,Textiles,,,,,
UFLEX,Packaging,,,,,
KIRLOSIND,Investment Banking & Brokerage,,,,,
HIKAL,Pharmaceuticals,,,,,
NEOGEN,Specialty Chemicals,,,,,
INDOSTAR,Consumer Finance,,,,,
BCG,Advertising,,,,,
JAYNECOIND,Iron & Steel,,,,,
LGBBROSLTD,Industrial Machinery,,,,,
ROLEXRINGS,Industrial Machinery,,,,,
KINGFA,Commodity Chemicals,,,,,
RPGLIFE,Pharmaceuticals,,,,,
HUBTOWN,Real Estate,,,,,
NORTHARC,Diversified Financials,,,,,
IMFA,Iron & Steel,,,,,
SHREMINVIT,Roads,,,,,
WPIL,Industrial Machinery,,,,,
BOROLTD,Housewares,,,,,
HPL,Electrical Components & Equipments,,,,,
WONDERLA,Theme Parks & Gaming,,,,,
MEDIASSIST,Insurance,,,,,
PRABHA,Mining - Diversified,,,,,
KSL,Iron & Steel,,,,,
NPST,Software Services,,,,,
PRINCEPIPE,Building Products - Pipes,,,,,
VAIBHAVGBL,Apparel & Accessories,,,,,
DCAL,Labs & Life Sciences Services,,,,,
JISLJALEQS,Agricultural & Farm Machinery,,,,,
SHANTIGEAR,Auto Parts,,,,,
VSTTILLERS,Tractors,,,,,
ROSSARI,Specialty Chemicals,,,,,
IMAGICAA,Theme Parks & Gaming,,,,,
BHAGCHEM,Fertilizers & Agro Chemicals,,,,,
SHAREINDIA,Investment Banking & Brokerage,,,,,
HEMIPROP,Real Estate,,,,,
ARKADE,Real Estate,,,,,
SSWL,Auto Parts,,,,,
DHANI,Investment Banking & Brokerage,,,,,
GANECOS,Textiles,,,,,
SJS,Auto Parts,,,,,
GREENPLY,Wood Products,,,,,
CYIENTDLM,Industrial Machinery,,,,,
HARSHA,Industrial Machinery,,,,,
JTEKTINDIA,Auto Parts,,,,,
BPAGRI,Commodities Trading,,,,,
JAMNAAUTO,Auto Parts,,,,,
IRBINVIT,Roads,,,,,
MON100,Equity,,,,,
MBAPL,Fertilizers & Agro Chemicals,,,,,
GOODLUCK,Iron & Steel,,,,,
MSTCLTD,Commodities Trading,,,,,
VADILALIND,FMCG - Foods,,,,,
TCNSBRANDS,Apparel & Accessories,,,,,
SGLTL,Specialty Chemicals,,,,,
NSIL,Asset Management,,,,,
FUSION,Consumer Finance,,,,,
BALMLAWRIE,Conglomerates,,,,,
EASEMYTRIP,Tour & Travel Services,,,,,
ZOTA,Pharmaceuticals,,,,,
BBL,Heavy Electrical Equipments,,,,,
ORCHPHARMA,Pharmaceuticals,,,,,
ADVENZYMES,Specialty Chemicals,,,,,
PITTIENG,Industrial Machinery,,,,,
JASH,Construction & Engineering,,,,,
GOLDIAM,"Precious Metals, Jewellery & Watches",,,,,
MARSONS,Heavy Electrical Equipments,,,,,
INTERARCH,Building Products - Prefab Structures,,,,,
POLYPLEX,Commodity Chemicals,,,,,
WSTCSTPAPR,Paper Products,,,,,
GUFICBIO,Pharmaceuticals,,,,,
AJMERA,Real Estate,,,,,
ASMTEC,IT Services & Consulting,,,,,
GREENPANEL,Wood Products,,,,,
PRECWIRE,Electrical Components & Equipments,,,,,
BAJAJHIND,Sugar,,,,,
KOLTEPATIL,Real Estate,,,,,
EPACK,Home Electronics & Appliances,,,,,
ARTEMISMED,Business Support Services,,,,,
SAMBHV,Building Products - Pipes,,,,,
PROTEAN,IT Services & Consulting,,,,,
DPABHUSHAN,"Precious Metals, Jewellery & Watches",,,,,
MOREPENLAB,Pharmaceuticals,,,,,
SINDHUTRAD,Conglomerates,,,,,
CENTUM,Electronic Equipments,,,,,
DIGITIDE,IT Services & Consulting,,,,,
KDDL,"Precious Metals, Jewellery & Watches",,,,,
PARKHOTELS,"Hotels, Resorts & Cruise Lines",,,,,
TCPLPACK,Packaging,,,,,
CUPID,FMCG - Personal Products,,,,,
NITCO,Building Products - Ceramics,,,,,
KKCL,Apparel & Accessories,,,,,
RRP,Electronic Equipments,,,,,
FLAIR,Stationery,,,,,
KPEL,Renewable Energy,,,,,
EMSLIMITED,Construction & Engineering,,,,,
VISHNU,Diversified Chemicals,,,,,
ASHIANA,Real Estate,,,,,
GIPCL,Power Generation,,,,,
MOSCHIP,Software Services,,,,,
MAITHANALL,Iron & Steel,,,,,
VENUSPIPES,Iron & Steel,,,,,
ALLCARGO,Logistics,,,,,
LUMAXIND,Auto Parts,,,,,
GATEWAY,Logistics,,,,,
NAVNETEDUL,Publishing,,,,,
MTNL,Telecom Services,,,,,
MANGCHEFER,Fertilizers & Agro Chemicals,,,,,
SIYSIL,Textiles,,,,,
DALMIASUG,Sugar,,,,,
SABTNL,TV Channels & Broadcasters,,,,,
TEAMLEASE,Employment Services,,,,,
BOMDYEING,Textiles,,,,,
SUNDROP,Packaged Foods & Meats,,,,,
JTLIND,Iron & Steel,,,,,
BAJAJCON,FMCG - Personal Products,,,,,
PATELENG,Construction & Engineering,,,,,
MAXVIL,Packaging,,,,,
POKARNA,Cement,,,,,
SDBL,Alcoholic Beverages,,,,,
SHK,Specialty Chemicals,,,,,
EFCIL,Real Estate,,,,,
SERVOTECH,Electrical Components & Equipments,,,,,
RPEL,Specialty Chemicals,,,,,
NOCIL,Commodity Chemicals,,,,,
FMGOETZE,Auto Parts,,,,,
SAGCEM,Cement,,,,,
UEL,Renewable Energy,,,,,
META,Technology Hardware,,,,,
BFUTILITIE,Renewable Energy,,,,,
PSPPROJECT,Construction & Engineering,,,,,
SANDHAR,Auto Parts,,,,,
PENIND,Iron & Steel,,,,,
WINDMACHIN,Industrial Machinery,,,,,
FOSECOIND,Specialty Chemicals,,,,,
DCXINDIA,Cables,,,,,
SBCL,Iron & Steel,,,,,
FCL,Specialty Chemicals,,,,,
RAMRAT,Electrical Components & Equipments,,,,,
SAKSOFT,IT Services & Consulting,,,,,
KIRIINDUS,Specialty Chemicals,,,,,
HONDAPOWER,Industrial Machinery,,,,,
NUCLEUS,Software Services,,,,,
ALEMBICLTD,Pharmaceuticals,,,,,
ARVSMART,Real Estate,,,,,
DEEPINDS,Oil & Gas - Equipment & Services,,,,,
SOLARA,Pharmaceuticals,,,,,
GLOBUSSPR,Alcoholic Beverages,,,,,
INDOCO,Pharmaceuticals,,,,,
LSIND,Textiles,,,,,
LAOPALA,Housewares,,,,,
MONARCH,Investment Banking & Brokerage,,,,,
COSMOFIRST,Packaging,,,,,
TIRUMALCHM,Commodity Chemicals,,,,,
VEEDOL,Commodity Chemicals,,,,,
RPSGVENT,Packaged Foods & Meats,,,,,
SOTL,Commodity Chemicals,,,,,
PREMEXPLN,Commodity Chemicals,,,,,
STYLAMIND,Construction & Engineering,,,,,
KRISHANA,Fertilizers & Agro Chemicals,,,,,
PRAKASH,Iron & Steel,,,,,
INSECTICID,Fertilizers & Agro Chemicals,,,,,
ADFFOODS,Packaged Foods & Meats,,,,,
BAJEL,Construction & Engineering,,,,,
TASTYBITE,Packaged Foods & Meats,,,,,
TCIEXP,Logistics,,,,,
ALPEXSOLAR,Renewable Energy Equipment & Services,,,,,
MUTHOOTMF,Specialized Finance,,,,,
SENORES,Pharmaceuticals,,,,,
BEPL,Commodity Chemicals,,,,,
POCL,Commodity Chemicals,,,,,
ORISSAMINE,Mining - Diversified,,,,,
HLEGLAS,Industrial Machinery,,,,,
NRBBEARING,Industrial Machinery,,,,,
EVEREADY,Batteries,,,,,
ELCIDIN,Investment Banking & Brokerage,,,,,
MANINDS,Building Products - Pipes,,,,,
HATHWAY,Cable & D2H,,,,,
PAISALO,Consumer Finance,,,,,
MAHLOG,Logistics,,,,,
DDEVPLSTIK,Plastic Products,,,,,
GENESYS,IT Services & Consulting,,,,,
AUTOAXLES,Auto Parts,,,,,
IOLCP,Commodity Chemicals,,,,,
REPCOHOME,Consumer Finance,,,,,
PARAGMILK,FMCG - Foods,,,,,
PFS,Specialized Finance,,,,,
CAPACITE,Construction & Engineering,,,,,
AEROFLEX,Iron & Steel,,,,,
TFCILTD,Specialized Finance,,,,,
UNIVCABLES,Cables,,,,,
KPGEL,Construction & Engineering,,,,,
SIKA,Aerospace & Defense Equipments,,,,,
GUJTHEM,Pharmaceuticals,,,,,
KRSNAA,Hospitals & Diagnostic Centres,,,,,
ORIENTHOT,"Hotels, Resorts & Cruise Lines",,,,,
XPROINDIA,Plastic Products,,,,,
MARINE,Electrical Components & Equipments,,,,,
SETFGOLD,Gold,,,,,
NOVARTIND,Pharmaceuticals,,,,,
HGS,Outsourced services,,,,,
PANACEABIO,Biotechnology,,,,,
UTKARSHBNK,Diversified Financials,,,,,
CEINSYSTECH,IT Services & Consulting,,,,,
JINDALPOLY,Packaging,,,,,
TAJGVK,"Hotels, Resorts & Cruise Lines",,,,,
NILKAMAL,Plastic Products,,,,,
LIQUIDBEES,Debt,,,,,
DIAMONDYD,Packaged Foods & Meats,,,,,
KCP,Cement,,,,,
SHANKARA,Building Products - Pipes,,,,,
TIL,Heavy Machinery,,,,,
JUBLCPL,Agro Products,,,,,
NDRAUTO,Auto Parts,,,,,
SULA,Alcoholic Beverages,,,,,
CARRARO,Agricultural & Farm Machinery,,,,,
SPECTRUM,Electrical Components & Equipments,,,,,
VSSL,Iron & Steel,,,,,
BNHOLDINGS,Agro Products,,,,,
EXICOM,Electronic Equipments,,,,,
MAYURUNIQ,Textiles,,,,,
AGIIL,Real Estate,,,,,
MOL,Commodity Chemicals,,,,,
RAJESH,Construction & Engineering,,,,,
LAXMIDENTL,Health Care Equipment & Supplies,,,,,
RAMCOIND,Cement,,,,,
TVSSRICHAK,Tires & Rubber,,,,,
RML,Auto Parts,,,,,
CARYSIL,Home Furnishing,,,,,
SCILAL,Real Estate,,,,,
IDEAFORGE,Aerospace & Defense Equipments,,,,,
FINOPB,Private Banks,,,,,
KLBRENG-B,Industrial Machinery,,,,,
GOODYEAR,Tires & Rubber,,,,,
THEJO,Construction & Engineering,,,,,
DELTACORP,Theme Parks & Gaming,,,,,
COCKERILL,Industrial Machinery,,,,,
NIBE,Aerospace & Defense Equipments,,,,,
JYOTISTRUC,Power Transmission & Distribution,,,,,
STEELCAS,Iron & Steel,,,,,
IPL,Fertilizers & Agro Chemicals,,,,,
YASHO,Specialty Chemicals,,,,,
SAGL,Investment Banking & Brokerage,,,,,
SANGHVIMOV,Business Support Services,,,,,
EIHAHOTELS,"Hotels, Resorts & Cruise Lines",,,,,
MOLDTKPAC,Plastic Products,,,,,
DYCL,Cables,,,,,
CPML,Movies & TV Serials,,,,,
INDIANHUME,Water Management,,,,,
SOMANYCERA,Building Products - Ceramics,,,,,
RELTD,Electrical Components & Equipments,,,,,
GEOJITFSL,Investment Banking & Brokerage,,,,,
SIRCA,Paints,,,,,
CANTABIL,Apparel & Accessories,,,,,
HINDWAREAP,Home Furnishing,,,,,
INDOTHAI,Investment Banking & Brokerage,,,,,
DOLLAR,Apparel & Accessories,,,,,
WENDT,Industrial Machinery,,,,,
DECNGOLD,Mining - Diversified,,,,,
SUMMITSEC,Asset Management,,,,,
TECHNVISN,Software Services,,,,,
LANDMARK,Retail - Speciality,,,,,
KALAMANDIR,Textiles,,,,,
SGFIN,Specialized Finance,,,,,
TIMEX,"Precious Metals, Jewellery & Watches",,,,,
VENKEYS,Packaged Foods & Meats,,,,,
WELSPLSOL,Iron & Steel,,,,,
HIRECT,Electrical Components & Equipments,,,,,
DCW,Commodity Chemicals,,,,,
ADVAIT,Electronic Equipments,,,,,
KICL,Asset Management,,,,,
HINDOILEXP,Oil & Gas - Exploration & Production,,,,,
GRMOVER,Agro Products,,,,,
GTLINFRA,Telecom Infrastructure,,,,,
RANEHOLDIN,Auto Parts,,,,,
SANGAMIND,Textiles,,,,,
SEPC,Construction & Engineering,,,,,
NIFTYIETF,Equity,,,,,
TATVA,Specialty Chemicals,,,,,
RIR,Electronic Equipments,,,,,
RAJOOENG,Industrial Machinery,,,,,
SASKEN,Software Services,,,,,
NITINSPIN,Textiles,,,,,
STYLEBAAZA,Retail - Speciality,,,,,
MOTISONS,"Precious Metals, Jewellery & Watches",,,,,
SEAMECLTD,Oil & Gas - Equipment & Services,,,,,
PANAMAPET,Specialty Chemicals,,,,,
PIXTRANS,Industrial Machinery,,,,,
ASALCBR,Alcoholic Beverages,,,,,
SMSPHARMA,Pharmaceuticals,,,,,
SPANDANA,Consumer Finance,,,,,
APCOTEXIND,Specialty Chemicals,,,,,
JISLDVREQS,Agricultural & Farm Machinery,,,,,
VPRPL,Construction & Engineering,,,,,
DRAGARWQ,Hospitals & Diagnostic Centres,,,,,
ASTEC,Fertilizers & Agro Chemicals,,,,,
UNITECH,Real Estate,,,,,
AMRUTANJAN,Pharmaceuticals,,,,,
RAJRATAN,Iron & Steel,,,,,
DISAQ,Industrial Machinery,,,,,
ACCELYA,Software Services,,,,,
MANGLMCEM,Cement,,,,,
NELCO,Communication & Networking,,,,,
WEL,Home Electronics & Appliances,,,,,
GEPIL,Construction & Engineering,,,,,
QUICKHEAL,IT Services & Consulting,,,,,
UGROCAP,Investment Banking & Brokerage,,,,,
TARSONS,Health Care Equipment & Supplies,,,,,
AFCOM,Airlines,,,,,
DEEDEV,Iron & Steel,,,,,
IFGLEXPOR,Industrial Machinery,,,,,
PQIF,FMCG - Household Products,,,,,
VIDHIING,Commodity Chemicals,,,,,
MOBIKWIK,Payment Infrastructure,,,,,
SIMPLEXINF,Construction & Engineering,,,,,
MUKANDLTD,Iron & Steel,,,,,
DANISH,Heavy Electrical Equipments,,,,,
VINDHYATEL,Telecom Equipments,,,,,
VIMTALABS,Labs & Life Sciences Services,,,,,
SPAL,Apparel & Accessories,,,,,
VERANDA,Education Services,,,,,
FRONTSP,Industrial Machinery,,,,,
GOLD1,Gold,,,,,
INDOTECH,Heavy Electrical Equipments,,,,,
PRECAM,Auto Parts,,,,,
RPTECH,Technology Hardware,,,,,
SHALBY,Hospitals & Diagnostic Centres,,,,,
STOVEKRAFT,Home Electronics & Appliances,,,,,
GOCLCORP,Commodity Chemicals,,,,,
UDAICEMENT,Cement,,,,,
HITECH,Building Products - Pipes,,,,,
JAICORPLTD,Textiles,,,,,
EXPLEOSOL,Software Services,,,,,
AURUM,IT Services & Consulting,,,,,
DIVGIITTS,Industrial Machinery,,,,,
TTKHLTCARE,Pharmaceuticals,,,,,
DREDGECORP,Dredging,,,,,
AQFINTECH,Investment Banking & Brokerage,,,,,
JGCHEM,Commodity Chemicals,,,,,
STANLEY,Retail - Department Stores,,,,,
WHEELS,Auto Parts,,,,,
KERNEX,Software Services,,,,,
WINDLAS,Pharmaceuticals,,,,,
HDFCGOLD,Gold,,,,,
GOLDIETF,Gold,,,,,
ROTO,Industrial Machinery,,,,,
JUNIORBEES,Equity,,,,,
UDS,Business Support Services,,,,,
DLINKINDIA,Technology Hardware,,,,,
ADOR,Industrial Machinery,,,,,
QUADFUTURE,Communication & Networking,,,,,
OMAXE,Real Estate,,,,,
TCC,Real Estate,,,,,
SESHAPAPER,Paper Products,,,,,
SPMLINFRA,Construction & Engineering,,,,,
HIMATSEIDE,Textiles,,,,,
BFINVEST,Asset Management,,,,,
DEN,Cable & D2H,,,,,
RAMASTEEL,Building Products - Pipes,,,,,
MSPL,Iron & Steel,,,,,
MMWL,Advertising,,,,,
APOLLOPIPE,Building Products - Pipes,,,,,
AWHCL,Environmental Services,,,,,
PARACABLES,Cables,,,,,
ROSSTECH,Aerospace & Defense Equipments,,,,,
CONFIPET,Oil & Gas - Storage & Transportation,,,,,
BLIL,Conglomerates,,,,,
DOLPHIN,Oil & Gas - Equipment & Services,,,,,
ECOSMOBLTY,Tour & Travel Services,,,,,
GREENPOWER,Renewable Energy,,,,,
ARIHANTSUP,Real Estate,,,,,
BIRLANU,Building Products - Others,,,,,
SYNCOMF,Pharmaceuticals,,,,,
INDNIPPON,Auto Parts,,,,,
TALBROAUTO,Auto Parts,,,,,
JAYKAY,Investment Banking & Brokerage,,,,,
LOTUSCHO,FMCG - Foods,,,,,
KMEW,Dredging,,,,,
UNIPARTS,Industrial Machinery,,,,,
IGARASHI,Auto Parts,,,,,
DAMCAPITAL,Investment Banking & Brokerage,,,,,
VINCOFE,Tea & Coffee,,,,,
SATIN,Consumer Finance,,,,,
BETA,Pharmaceuticals,,,,,
JINDRILL,Oil & Gas - Equipment & Services,,,,,
ARMANFIN,Consumer Finance,,,,,
MMFL,Iron & Steel,,,,,
PNBGILTS,Investment Banking & Brokerage,,,,,
ESAFSFB,Private Banks,,,,,
PAUSHAKLTD,Specialty Chemicals,,,,,
ELPROINTL,Real Estate,,,,,
GMBREW,Alcoholic Beverages,,,,,
JNKINDIA,Construction & Engineering,,,,,
LGHL,"Precious Metals, Jewellery & Watches",,,,,
DOLATALGO,Investment Banking & Brokerage,,,,,
HUHTAMAKI,Packaging,,,,,
AMIC,Industrial Machinery,,,,,
NIITLTD,Education Services,,,,,
SPIC,Fertilizers & Agro Chemicals,,,,,
SANSTAR,Agro Products,,,,,
NAVKARCORP,Logistics,,,,,
BLSE,IT Services & Consulting,,,,,
RUPA,Apparel & Accessories,,,,,
SANGHIIND,Cement,,,,,
LUCENT,Consumer Finance,,,,,
GHVINFRA,Construction & Engineering,,,,,
EXCELINDUS,Fertilizers & Agro Chemicals,,,,,
FILATEX,Textiles,,,,,
JAGSNPHARM,Pharmaceuticals,,,,,
TINNARUBR,Commodity Chemicals,,,,,
CLSEL,Packaged Foods & Meats,,,,,
YASHHV,Electrical Components & Equipments,,,,,
GANDHAR,Oil & Gas - Refining & Marketing,,,,,
AIMTRON,Electronic Equipments,,,,,
SHRIRAMPPS,Real Estate,,,,,
ANDHRAPAP,Paper Products,,,,,
JYOTIRES,Commodity Chemicals,,,,,
SURAKSHA,Hospitals & Diagnostic Centres,,,,,
BAJAJHCARE,Pharmaceuticals,,,,,
BLISSGVS,Pharmaceuticals,,,,,
IKIO,Electrical Components & Equipments,,,,,
MUFIN,Specialized Finance,,,,,
SIGACHI,Commodity Chemicals,,,,,
KESAR,Real Estate Development,,,,,
VINYAS,Electronic Equipments,,,,,
HESTERBIO,Biotechnology,,,,,
SMCGLOBAL,Investment Banking & Brokerage,,,,,
ALICON,Auto Parts,,,,,
GPTINFRA,Construction & Engineering,,,,,
FINKURVE,Diversified Financials,,,,,
JAGRAN,Publishing,,,,,
PUNJABCHEM,Diversified Chemicals,,,,,
CENTRUM,Diversified Financials,,,,,
BLKASHYAP,Construction & Engineering,,,,,
SWANDEF,Shipbuilding,,,,,
SYSTMTXC,Diversified Financials,,,,,
EKC,Gas Distribution,,,,,
SALZERELEC,Electrical Components & Equipments,,,,,
CROPSTER,Agro Products,,,,,
HMAAGRO,Packaged Foods & Meats,,,,,
ULTRAMAR,Commodity Chemicals,,,,,
RAJRILTD,Textiles,,,,,
ZSARACOM,Specialized Finance,,,,,
MASTERTR,Diversified Financials,,,,,
HERANBA,Fertilizers & Agro Chemicals,,,,,
NIFTY1,Equity,,,,,
VILAS,Heavy Electrical Equipments,,,,,
SOLEX,Industrial Machinery,,,,,
ANDREWYU,Tea & Coffee,,,,,
COSMICCRF,"Precious Metals, Jewellery & Watches",,,,,
GODAVARIB,Diversified Chemicals,,,,,
BHARATWIRE,Iron & Steel,,,,,
ASIANTILES,Building Products - Granite,,,,,
ASHIKA,IT Services & Consulting,,,,,
DCMSRIND,Packaged Foods & Meats,,,,,
CIFL,Consumer Finance,,,,,
PLATIND,Commodity Chemicals,,,,,
IGPL,Specialty Chemicals,,,,,
BLUECLOUDS,Software Services,,,,,
SURAJEST,Real Estate,,,,,
EIMCOELECO,Industrial Machinery,,,,,
YUKEN,Industrial Machinery,,,,,
KHAZANCHI,"Precious Metals, Jewellery & Watches",,,,,
ALLDIGI,IT Services & Consulting,,,,,
BSHSL,Seeds,,,,,
RAMCOSYS,IT Services & Consulting,,,,,
CONTROLPR,Electronic Equipments,,,,,
SURYODAY,Private Banks,,,,,
MADRASFERT,Fertilizers & Agro Chemicals,,,,,
FAZE3Q,Textiles,,,,,
IMPAL,Auto Parts,,,,,
SPORTKING,Textiles,,,,,
SEIL,Education Services,,,,,
PANORAMA,Movies & TV Serials,,,,,
GPTHEALTH,Hospitals & Diagnostic Centres,,,,,
ORIENTTECH,IT Services & Consulting,,,,,
RIIL,Oil & Gas - Storage & Transportation,,,,,
GNA,Auto Parts,,,,,
HARIOMPIPE,Building Products - Pipes,,,,,
AAYUSHBULL,"Precious Metals, Jewellery & Watches",,,,,
BAJAJINDEF,Heavy Machinery,,,,,
BOROSCI,Health Care Equipment & Supplies,,,,,
WALCHANNAG,Industrial Machinery,,,,,
VOEPL,Home Electronics & Appliances,,,,,
AGARIND,Commodity Chemicals,,,,,
RMDRIP,Agricultural & Farm Machinery,,,,,
BAJAJST,Industrial Machinery,,,,,
GRPLTD,Tires & Rubber,,,,,
AMNPLST,Commodity Chemicals,,,,,
MANAKCOAT,Metals - Diversified,,,,,
BGDL,Retail - Speciality,,,,,
DPSCLTD,Power Generation,,,,,
ELECTHERM,Iron & Steel,,,,,
3BBLACKBIO,Biotechnology,,,,,
HEUBACHIND,Specialty Chemicals,,,,,
DSSL,IT Services & Consulting,,,,,
RHETAN,Metals - Diversified,,,,,
AYMSYNTEX,Textiles,,,,,
PENINLAND,Real Estate,,,,,
GGBL,Renewable Energy,,,,,
YATRA,Online Services,,,,,
SALASAR,Iron & Steel,,,,,
ARIHANT,Real Estate,,,,,
SIGNPOST,Advertising,,,,,
ARISINFRA,Building Products - Others,,,,,
ONEPOINT,Outsourced services,,,,,
HITECHGEAR,Auto Parts,,,,,
GARUDA,Construction & Engineering,,,,,
WEALTH,Diversified Financials,,,,,
KELLTONTEC,IT Services & Consulting,,,,,
STEELXIND,Iron & Steel,,,,,
INDORAMA,Textiles,,,,,
BENARAS,"Hotels, Resorts & Cruise Lines",,,,,
STERTOOLS,Industrial Machinery,,,,,
ASIANENE,Oil & Gas - Exploration & Production,,,,,
TEXINFRA,Real Estate,,,,,
VHL,Diversified Financials,,,,,
CFF,Aerospace & Defense Equipments,,,,,
ATULAUTO,Three Wheelers,,,,,
GTPL,Cable & D2H,,,,,
AFSL,Asset Management,,,,,
CIANAGRO,Agro Products,,,,,
FAIRCHEMOR,Specialty Chemicals,,,,,
PRAVEG,Advertising,,,,,
SCODATUBES,Industrial Machinery,,,,,
CAPITALSFB,Private Banks,,,,,
UNIECOM,Software Services,,,,,
OAL,Specialty Chemicals,,,,,
RGL,"Precious Metals, Jewellery & Watches",,,,,
TBZ,"Precious Metals, Jewellery & Watches",,,,,
KRISHNADEF,Industrial Machinery,,,,,
5PAISA,Diversified Financials,,,,,
IRMENERGY,Gas Distribution,,,,,
BUTTERFLY,Home Electronics & Appliances,,,,,
YSL,Commodities Trading,,,,,
OMINFRAL,Construction & Engineering,,,,,
INNOVANA,Software Services,,,,,
KROSS,Auto Parts,,,,,
VASCONEQ,Construction & Engineering,,,,,
BCLIND,FMCG - Foods,,,,,
TANAA,Aerospace & Defense Equipments,,,,,
MONTECARLO,Apparel & Accessories,,,,,
KOKUYOCMLN,Stationery,,,,,
KPL,Pharmaceuticals,,,,,
MICEL,Electrical Components & Equipments,,,,,
HARAFIN,Specialized Finance,,,,,
MIDWEST,Mining - Diversified,,,,,
ESTER,Commodity Chemicals,,,,,
AAYUSH,Wellness Services,,,,,
BARBEQUE,Restaurants & Cafes,,,,,
DECCANCE,Cement,,,,,
ICEMAKE,Electrical Components & Equipments,,,,,
DVL,Specialty Chemicals,,,,,
ESFL,Plastic Products,,,,,
CEWATER,Environmental Services,,,,,
NELCAST,Iron & Steel,,,,,
PROSTARM,Power Generation,,,,,
WCIL,Logistics,,,,,
DIFFNKG,Industrial Machinery,,,,,
AEROENTER,Plastic Products,,,,,
BLUSPRING,Business Support Services,,,,,
AMAL,Commodity Chemicals,,,,,
OSWALGREEN,Real Estate,,,,,
ECORECO,Business Support Services,,,,,
BMW,Iron & Steel,,,,,
ASTAR,"Precious Metals, Jewellery & Watches",,,,,
SHIVACEM,Cement,,,,,
DHARMAJ,Fertilizers & Agro Chemicals,,,,,
TNPL,Paper Products,,,,,
MANALIPETC,Specialty Chemicals,,,,,
VALIANTORG,Commodity Chemicals,,,,,
THEMISMED,Pharmaceuticals,,,,,
PDMJEPAPER,Paper Products,,,,,
SARTELE,Telecom Infrastructure,,,,,
VTMLTD,Textiles,,,,,
DHANBANK,Private Banks,,,,,
FERMENTA,Pharmaceuticals,,,,,
GALAPREC,Industrial Machinery,,,,,
INDOAMIN,Specialty Chemicals,,,,,
SRHHYPOLTD,Commodity Chemicals,,,,,
SAHANA,IT Services & Consulting,,,,,
MIIL,Real Estate,,,,,
SHREEPUSHK,Specialty Chemicals,,,,,
MAMATA,Industrial Machinery,,,,,
USASEEDS,Seeds,,,,,
CNCRD,Electrical Components & Equipments,,,,,
ORIRAIL,Rail,,,,,
RACLGEAR,Auto Parts,,,,,
PIFL,Home Financing,,,,,
MATRIMONY,Online Services,,,,,
ANDHRSUGAR,Commodity Chemicals,,,,,
BALAJITELE,Movies & TV Serials,,,,,
RISHABH,Electrical Components & Equipments,,,,,
CENTENKA,Textiles,,,,,
INDPRUD,Investment Banking & Brokerage,,,,,
ABINFRA,Construction & Engineering,,,,,
WORTH,Specialized Finance,,,,,
CREST,Asset Management,,,,,
SHREDIGCEM,Cement,,,,,
MUFTI,Apparel & Accessories,,,,,
LIKHITHA,Construction & Engineering,,,,,
KUANTUM,Paper Products,,,,,
LINCOLN,Pharmaceuticals,,,,,
ROHLTD,"Hotels, Resorts & Cruise Lines",,,,,
UTTAMSUGAR,Sugar,,,,,
MVGJL,"Precious Metals, Jewellery & Watches",,,,,
DISHTV,Cable & D2H,,,,,
SRM,Construction & Engineering,,,,,
APS,Renewable Energy,,,,,
ISTLTD,Industrial Machinery,,,,,
BIL,Apparel & Accessories,,,,,
TAALENT,Conglomerates,,,,,
GICHSGFIN,Home Financing,,,,,
OSWALAGRO,Real Estate,,,,,
REMUS,Pharmaceuticals,,,,,
XCHANGING,IT Services & Consulting,,,,,
CHEMFAB,Commodity Chemicals,,,,,
KABRAEXTRU,Industrial Machinery,,,,,
UNIENTER,Fertilizers & Agro Chemicals,,,,,
WAAREEINDO,Renewable Energy Equipment & Services,,,,,
VAKRANGEE,Outsourced services,,,,,
TGVSL,Commodity Chemicals,,,,,
PASHUPATI,Textiles,,,,,
KOTHARIPET,Commodity Chemicals,,,,,
GULPOLY,Specialty Chemicals,,,,,
PRIMESECU,Investment Banking & Brokerage,,,,,
KMCSHIL,Hospitals & Diagnostic Centres,,,,,
GKWLIMITED,Logistics,,,,,
HAZOOR,Real Estate,,,,,
ZFSTEERING,Auto Parts,,,,,
ACGL,Trucks & Buses,,,,,
ANUHPHR,Pharmaceuticals,,,,,
SEKURITIND,Auto Parts,,,,,
ADSL,IT Services & Consulting,,,,,
AVTNPL,Agro Products,,,,,
RICOAUTO,Auto Parts,,,,,
BPLPHARMA,Pharmaceuticals,,,,,
GNRL,Oil & Gas - Exploration & Production,,,,,
BASILIC,Animation,,,,,
MACPOWER,Industrial Machinery,,,,,
DENTALKART,Hospitals & Diagnostic Centres,,,,,
OWAIS,Metals - Diversified,,,,,
VERITAS,Commodities Trading,,,,,
SSEGL,Construction & Engineering,,,,,
MONOLITH,Building Products - Others,,,,,
TOTEM,Industrial Machinery,,,,,
EBIX,Construction & Engineering,,,,,
TVTODAY,TV Channels & Broadcasters,,,,,
AVADHSUGAR,Sugar,,,,,
HEXATRADEX,Commodities Trading,,,,,
SELAN,Oil & Gas - Exploration & Production,,,,,
RADHIKAJWE,"Precious Metals, Jewellery & Watches",,,,,
PARSVNATH,Real Estate,,,,,
KODYTECH,Software Services,,,,,
ACLGATI,Logistics,,,,,
C2C,Software Services,,,,,
BIRLAMONEY,Investment Banking & Brokerage,,,,,
SAFEENTP,Building Products - Others,,,,,
SNOWMAN,Logistics,,,,,
MERCURYEV,Commodities Trading,,,,,
DHAMPURSUG,Sugar,,,,,
SAURASHCEM,Cement,,,,,
UPHOT,"Hotels, Resorts & Cruise Lines",,,,,
BEEKAY,Iron & Steel,,,,,
NCLIND,Cement,,,,,
KHAICHEM,Fertilizers & Agro Chemicals,,,,,
ARROWGREEN,Packaging,,,,,
TUTIALKA,Commodity Chemicals,,,,,
SUYOG,Construction & Engineering,,,,,
JAYTEX,Textiles,,,,,
FOCE,"Precious Metals, Jewellery & Watches",,,,,
ETL,Industrial Machinery,,,,,
MAXIND,Hospitals & Diagnostic Centres,,,,,
RDBIPL,Real Estate,,,,,
NDTV,TV Channels & Broadcasters,,,,,
SRAMSET,Asset Management,,,,,
BANGANGA,Paper Products,,,,,
TAC,IT Services & Consulting,,,,,
NAHARSPING,Textiles,,,,,
JITFINFRA,Shipbuilding,,,,,
ABCOTS,Textiles,,,,,
TNPETRO,Commodity Chemicals,,,,,
BODALCHEM,Commodity Chemicals,,,,,
SARLAPOLY,Textiles,,,,,
SHRJAGP,Textiles,,,,,
COOLCAPS,Plastic Products,,,,,
ENKEIWHEL,Auto Parts,,,,,
JAGAJITIND,Alcoholic Beverages,,,,,
PAKKA,Paper Products,,,,,
AMBIKCO,Textiles,,,,,
PVSL,Four Wheelers,,,,,
PPL,Building Products - Pipes,,,,,
MAGADSUGAR,Sugar,,,,,
ASAL,Auto Parts,,,,,
VMARCIND,Electrical Components & Equipments,,,,,
TRANSPEK,Commodity Chemicals,,,,,
KRYSTAL,Business Support Services,,,,,
ELIN,Electronic Equipments,,,,,
GARGI,Retail - Speciality,,,,,
SILVERTUC,IT Services & Consulting,,,,,
KRITI,Building Products - Pipes,,,,,
WANBURY,Pharmaceuticals,,,,,
KECL,Heavy Electrical Equipments,,,,,
BESTAGRO,Diversified Chemicals,,,,,
ARIHANTCAP,Diversified Financials,,,,,
SHUKRAPHAR,Pharmaceuticals,,,,,
FEDDERSHOL,Diversified Financials,,,,,
MAFATIND,Textiles,,,,,
ZEEMEDIA,TV Channels & Broadcasters,,,,,
RAJPALAYAM,Textiles,,,,,
DHUNINV,Asset Management,,,,,
INFOBEAN,Software Services,,,,,
CREATIVE,Technology Hardware,,,,,
SWELECTES,Electrical Components & Equipments,,,,,
JPOLYINVST,Asset Management,,,,,
GANDHITUBE,Auto Parts,,,,,
VADILENT,Packaged Foods & Meats,,,,,
MUKKA,Packaged Foods & Meats,,,,,
BIGBLOC,Building Products - Granite,,,,,
BLAL,Real Estate,,,,,
JINDALPHOT,Electronic Equipments,,,,,
RKSWAMY,Advertising,,,,,
DWARKESH,Sugar,,,,,
SATIA,Paper Products,,,,,
TECHLABS,IT Services & Consulting,,,,,
COLAB,Software Services,,,,,
EVERESTIND,Building Products - Prefab Structures,,,,,
SOLARIUM,Renewable Energy,,,,,
HDFCNIFTY,Equity,,,,,
KRISHIVAL,FMCG - Foods,,,,,
SASTASUNDR,Diversified Financials,,,,,
ARYAMAN,Investment Banking & Brokerage,,,,,
SANDESH,Publishing,,,,,
KOPRAN,Pharmaceuticals,,,,,
BHAGERIA,Specialty Chemicals,,,,,
HLVLTD,"Hotels, Resorts & Cruise Lines",,,,,
SARVESHWAR,Packaged Foods & Meats,,,,,
INDOFARM,Agricultural & Farm Machinery,,,,,
RITCO,Logistics,,,,,
LINC,Stationery,,,,,
GHCLTEXTIL,Textiles,,,,,
VIRAT,Apparel & Accessories,,,,,
RMC,Electrical Components & Equipments,,,,,
NITTAGELA,Specialty Chemicals,,,,,
NAHARPOLY,Textiles,,,,,
ZUARI,Fertilizers & Agro Chemicals,,,,,
INTEGRAEN,Industrial Machinery,,,,,
KAMDHENU,Iron & Steel,,,,,
APTECHT,Education Services,,,,,
RUSHIL,Building Products - Laminates,,,,,
VOITHPAPR,Textiles,,,,,
VLSFINANCE,Investment Banking & Brokerage,,,,,
NISUS,Specialized Finance,,,,,
NINSYS,Software Services,,,,,
BRIGHT,Advertising,,,,,
TREL,Logistics,,,,,
LEMERITE,Textiles,,,,,
IRIS,IT Services & Consulting,,,,,
STCINDIA,Commodities Trading,,,,,
DREAMFOLKS,Logistics,,,,,
CCCL,Construction & Engineering,,,,,
SUNRAKSHAK,Textiles,,,,,
NBIFIN,Diversified Financials,,,,,
REPRO,Stationery,,,,,
SHIVALIK,Fertilizers & Agro Chemicals,,,,,
JPASSOCIAT,Conglomerates,,,,,
ZTECH,Construction & Engineering,,,,,
KARNIKA,Textiles,,,,,
JAYBARMARU,Auto Parts,,,,,
KSOLVES,IT Services & Consulting,,,,,
SVLL,Logistics,,,,,
SGIL,Industrial Machinery,,,,,
MORGANITE,Industrial Machinery,,,,,
FOODSIN,FMCG - Foods,,,,,
RUBYMILLS,Textiles,,,,,
SHALPAINTS,Specialty Chemicals,,,,,
NGLFINE,Pharmaceuticals,,,,,
SKMEGGPROD,Packaged Foods & Meats,,,,,
GLOSTERLTD,Textiles,,,,,
SICALLOG,Logistics,,,,,
URJA,Renewable Energy Equipment & Services,,,,,
SCHAND,Education Services,,,,,
TEMBO,Iron & Steel,,,,,
SUTLEJTEX,Textiles,,,,,
RNBDENIMS,Textiles,,,,,
RSWM,Textiles,,,,,
TVSELECT,Technology Hardware,,,,,
DENTA,Water Management,,,,,
MUNJALAU,Auto Parts,,,,,
20MICRONS,Specialty Chemicals,,,,,
CELLECOR,Home Electronics & Appliances,,,,,
MCCHRLS-B,"Hotels, Resorts & Cruise Lines",,,,,
SUBEXLTD,Software Services,,,,,
KILITCH,Pharmaceuticals,,,,,
ONWARDTEC,Outsourced services,,,,,
GEECEE,Real Estate,,,,,
ZUARIIND,Conglomerates,,,,,
THEINVEST,Investment Banking & Brokerage,,,,,
SBGLP,Real Estate,,,,,
VIVIANA,Electrical Components & Equipments,,,,,
ELDEHSG,Real Estate,,,,,
PERMAGN,Metals - Diversified,,,,,
SBC,Apparel & Accessories,,,,,
RATNAVEER,Industrial Machinery,,,,,
A1L,Commodity Chemicals,,,,,
STALLION,Specialty Chemicals,,,,,
SAKAR,Pharmaceuticals,,,,,
AXTEL,Industrial Machinery,,,,,
STEL,Asset Management,,,,,
VISAKAIND,Cement,,,,,
MALLCOM,Business Support Services,,,,,
APEX,Packaged Foods & Meats,,,,,
ATL,Logistics,,,,,
JAYAGROGN,Specialty Chemicals,,,,,
SGRL,Pharmaceuticals,,,,,
INDOBORAX,Commodity Chemicals,,,,,
AKCAPIT,Investment Banking & Brokerage,,,,,
VEEFIN,Application Software,,,,,
MMP,Metals - Aluminium,,,,,
GANESHIN,Construction & Engineering,,,,,
ESPIRE,"Hotels, Resorts & Cruise Lines",,,,,
MEGASOFT,IT Services & Consulting,,,,,
KSE,Agro Products,,,,,
SAPL,Auto Parts,,,,,
SAHASRA,Electronic Equipments,,,,,
POEL,Commodity Chemicals,,,,,
PRECOT,Textiles,,,,,
BGRENERGY,Construction & Engineering,,,,,
MISHTANN,FMCG - Foods,,,,,
COFFEEDAY,Restaurants & Cafes,,,,,
INDSWFTLAB,Pharmaceuticals,,,,,
MANBA,Diversified Financials,,,,,
HINDCOMPOS,Auto Parts,,,,,
HALDYNGL,Packaging,,,,,
CHEMCON,Specialty Chemicals,,,,,
ORICONENT,Logistics,,,,,
CSLFINANCE,Specialized Finance,,,,,
KERALAYUR,Pharmaceuticals,,,,,
ZODIAC,Renewable Energy Equipment & Services,,,,,
LASTMILE,Construction & Engineering,,,,,
GFLLIMITED,Specialty Chemicals,,,,,
SHRADDHA,Real Estate,,,,,
ALLETEC,IT Services & Consulting,,,,,
OBSCP,Auto Parts,,,,,
ASIANHOTNR,"Hotels, Resorts & Cruise Lines",,,,,
SUDARSHAN,Pharmaceuticals,,,,,
CHEVIOT,Textiles,,,,,
ROBU,Software Services,,,,,
KAMATHOTEL,"Hotels, Resorts & Cruise Lines",,,,,
MINDTECK,IT Services & Consulting,,,,,
FOCUS,Home Electronics & Appliances,,,,,
BEMHY,Industrial Machinery,,,,,
ENIL,Radio,,,,,
SJLOGISTIC,Logistics,,,,,
KRONOX,Specialty Chemicals,,,,,
MENONBE,Auto Parts,,,,,
HIGHENE,Aerospace & Defense Equipments,,,,,
VALIANT,Telecom Equipments,,,,,
GANESHBE,Specialty Chemicals,,,,,
OCCLLTD,Commodity Chemicals,,,,,
RPPINFRA,Construction & Engineering,,,,,
VERTOZ,Advertising,,,,,
SURAJLTD,Iron & Steel,,,,,
IGCL,Fertilizers & Agro Chemicals,,,,,
HARDWYN,Building Products - Glass,,,,,
UNIABEXAL,Iron & Steel,,,,,
UNIFIED,IT Services & Consulting,,,,,
HAMPTON,Real Estate,,,,,
LICNETFSEN,Equity,,,,,
ARTSON,Construction & Engineering,,,,,
VHLTD,"Hotels, Resorts & Cruise Lines",,,,,
DMCC,Diversified Chemicals,,,,,
GCSL,Investment Banking & Brokerage,,,,,
ACCENTMIC,Pharmaceuticals,,,,,
EMPIND,Packaging,,,,,
LKPFIN,Investment Banking & Brokerage,,,,,
PREVEST,Health Care Equipment & Supplies,,,,,
YOGI,Real Estate,,,,,
CONSOFINVT,Asset Management,,,,,
FLUIDOM,Industrial Machinery,,,,,
IFBAGRO,Alcoholic Beverages,,,,,
PYRAMID,Plastic Products,,,,,
GVKPIL,Airports,,,,,
LAKSHMIMIL,Textiles,,,,,
GOLDSHARE,Gold,,,,,
EMKAY,Investment Banking & Brokerage,,,,,
RADIANTCMS,Business Support Services,,,,,
LIBERTSHOE,Footwear,,,,,
DBEIL,Construction & Engineering,,,,,
HMVL,Publishing,,,,,
KINETICENG,Auto Parts,,,,,
MBLINFRA,Construction & Engineering,,,,,
BHARATSE,Auto Parts,,,,,
MKVENTURES,Specialized Finance,,,,,
TOLINS,Tires & Rubber,,,,,
TRACXN,IT Services & Consulting,,,,,
SWISSMLTRY,Investment Banking & Brokerage,,,,,
CTCL,Industrial Machinery,,,,,
MAANALU,Metals - Aluminium,,,,,
ALPHALOGIC,Software Services,,,,,
VENUSREM,Pharmaceuticals,,,,,
KIRANVYPAR,Diversified Financials,,,,,
CLN,Batteries,,,,,
HERCULES,Industrial Machinery,,,,,
FRATELLI,Alcoholic Beverages,,,,,
SILINV,Diversified Financials,,,,,
MODINATUR,Agro Products,,,,,
RNFI,Diversified Financials,,,,,
EIFFL,FMCG - Foods,,,,,
IZMO,Software Services,,,,,
SPECIALITY,Restaurants & Cafes,,,,,
ANNAPURNA,FMCG - Foods,,,,,
NIYOGIN,Diversified Financials,,,,,
PRIMO,Commodity Chemicals,,,,,
WIMPLAST,Housewares,,,,,
ORIENTPPR,Paper Products,,,,,
ACL,Cement,,,,,
MOS,Online Services,,,,,
SHIVTEXCHEM,Specialty Chemicals,,,,,
MUNJALSHOW,Auto Parts,,,,,
INTLCONV,Industrial Machinery,,,,,
TPLPLASTEH,Plastic Products,,,,,
NAPEROL,Specialized Finance,,,,,
ARL,Textiles,,,,,
MEHAI,Electrical Components & Equipments,,,,,
PRADPME,Iron & Steel,,,,,
EMAMIPAP,Paper Products,,,,,
AEPL,Electrical Components & Equipments,,,,,
DBOL,Sugar,,,,,
BORANA,Textiles,,,,,
MAHASTEEL,Iron & Steel,,,,,
EXHICON,Advertising,,,,,
PROZONER,Real Estate,,,,,
UTINEXT50,Equity,,,,,
GPECO,Renewable Energy Equipment & Services,,,,,
IRISDOREME,Retail - Apparel,,,,,
TRANSWORLD,Logistics,,,,,
PAVNAIND,Auto Parts,,,,,
MEGATHERM,Industrial Machinery,,,,,
HARITASEAT,Auto Parts,,,,,
TARACHAND,Business Support Services,,,,,
NRAIL,Paper Products,,,,,
VINYLINDIA,Specialty Chemicals,,,,,
JYOTHI,Diversified Financials,,,,,
WSI,Industrial Machinery,,,,,
MONEYBOXX,Diversified Financials,,,,,
UNIVPHOTO,Health Care Equipment & Supplies,,,,,
JAYBEE,Electrical Components & Equipments,,,,,
ESSARSHPNG,Logistics,,,,,
JENBURPH,Pharmaceuticals,,,,,
MAZDA,Industrial Machinery,,,,,
NILASPACES,Real Estate,,,,,
KNAGRI,Agro Products,,,,,
HINDMOTORS,Four Wheelers,,,,,
ADCINDIA,Communication & Networking,,,,,
SREEL,Footwear,,,,,
MUTHOOTCAP,Diversified Financials,,,,,
BATLIBOI,Industrial Machinery,,,,,
ADVANIHOTR,"Hotels, Resorts & Cruise Lines",,,,,
BELLACASA,Textiles,,,,,
GIRIRAJ,Construction & Engineering,,,,,
OSELDEVICE,Electrical Components & Equipments,,,,,
ATMASTCO,Iron & Steel,,,,,
ORBTEXP,Textiles,,,,,
TIGERLOGS,Logistics,,,,,
DLTNCBL,Cables,,,,,
SHREERAMA,Plastic Products,,,,,
VELJAN,Industrial Machinery,,,,,
NEETUYOSHI,Auto Parts,,,,,
SPELS,Electronic Equipments,,,,,
RBZJEWEL,"Precious Metals, Jewellery & Watches",,,,,
FILATFASH,Apparel & Accessories,,,,,
SAHAJSOLAR,Renewable Energy Equipment & Services,,,,,
DONEAR,Textiles,,,,,
AZADIND,Commodities Trading,,,,,
SUNSHIEL,Specialty Chemicals,,,,,
NAHARINDUS,Textiles,,,,,
TEJASCARGO,Logistics,,,,,
AFFORDABLE,Industrial Machinery,,,,,
DICIND,Specialty Chemicals,,,,,
FORBESCO,Conglomerates,,,,,
MGEL,Commodity Chemicals,,,,,
PREMIERPOL,Home Furnishing,,,,,
SUKHJITS,Agro Products,,,,,
VINSYS,IT Services & Consulting,,,,,
ZIMLAB,Pharmaceuticals,,,,,
SPENCERS,Retail - Department Stores,,,,,
PTL,Tires & Rubber,,,,,
VRAJ,Iron & Steel,,,,,
MODISONLTD,Electrical Components & Equipments,,,,,
ONMOBILE,Software Services,,,,,
ASHIMASYN,Textiles,,,,,
S&SPOWER,Electrical Components & Equipments,,,,,
SOFTTECH,Software Services,,,,,
UGARSUGAR,Sugar,,,,,
CUPIDTR,Alcoholic Beverages,,,,,
KRITINUT,Agro Products,,,,,
IIL,FMCG - Foods,,,,,
KAYA,Wellness Services,,,,,
URAVIDEF,Electrical Components & Equipments,,,,,
MAGNAELQ,Iron & Steel,,,,,
NDL,Textiles,,,,,
MODIS,Real Estate,,,,,
VLEGOV,IT Services & Consulting,,,,,
ABSMARINE,Shipbuilding,,,,,
NIKHILAD,Commodity Chemicals,,,,,
ALBERTDAVD,Pharmaceuticals,,,,,
THOMASCOTT,Retail - Apparel,,,,,
SVRL,Wood Products,,,,,
UCIL,Specialized Finance,,,,,
BIRLACABLE,Telecom Equipments,,,,,
UTSSAV,"Precious Metals, Jewellery & Watches",,,,,
FABCLEAN,Construction & Engineering,,,,,
HCL-INSYS,IT Services & Consulting,,,,,
SAYAJIHOTL,"Hotels, Resorts & Cruise Lines",,,,,
EFFWA,Environmental Services,,,,,
NRL,Metals - Diversified,,,,,
NAHARCAP,Asset Management,,,,,
UMA,Packaging,,,,,
MODINSU,Electrical Components & Equipments,,,,,
CLEDUCATE,Education Services,,,,,
SEALMATIC,Cables,,,,,
NICCOPAR,"Hotels, Resorts & Cruise Lines",,,,,
VARDMNPOLY,Textiles,,,,,
BLACKROSE,Conglomerates,,,,,
MEDICAMEQ,Pharmaceuticals,,,,,
STOVACQ,Industrial Machinery,,,,,
PVP,Real Estate,,,,,
AVONMORE,Investment Banking & Brokerage,,,,,
PATILAUTOM,Industrial Machinery,,,,,
PLASTIBLEN,Specialty Chemicals,,,,,
DIGISPICE,Telecom Equipments,,,,,
BAHETI,Metals - Aluminium,,,,,
SUPREMEPWR,Power Transmission & Distribution,,,,,
CYBERTECH,IT Services & Consulting,,,,,
ASAHISONG,Specialty Chemicals,,,,,
SUNITATOOL,Industrial Machinery,,,,,
KOTHARIPRO,Commodities Trading,,,,,
AVPINFRA,Construction & Engineering,,,,,
REFEXRENEW,Renewable Energy,,,,,
RUDRAECO,Textiles,,,,,
NILAINFRA,Real Estate,,,,,
DENORA,Electrical Components & Equipments,,,,,
IIRM,Insurance,,,,,
TIRUPATI,Packaging,,,,,
GENUSPAPER,Paper Products,,,,,
COMSYN,Packaging,,,,,
RAINBOWF,Real Estate,,,,,
BANSWRAS,Textiles,,,,,
SRD,Specialty Chemicals,,,,,
CHANDAN,Pharmaceuticals,,,,,
RAGHUSYN,Textiles,,,,,
KHADIM,Footwear,,,,,
INVPRECQ,Auto Parts,,,,,
SINCLAIR,"Hotels, Resorts & Cruise Lines",,,,,
JOSTS,Industrial Machinery,,,,,
LEHAR,Footwear,,,,,
LUDLOWJUT,Textiles,,,,,
SEJALLTD,Building Products - Glass,,,,,
SRGHFL,Consumer Finance,,,,,
CGRAPHICS,Stationery,,,,,
MWL,Iron & Steel,,,,,
MADHUVEER,Movies & TV Serials,,,,,
EUROBOND,Metals - Aluminium,,,,,
BEDMUTHA,Iron & Steel,,,,,
VALIANTLAB,Pharmaceuticals,,,,,
HIGREEN,Commodity Chemicals,,,,,
NILE,Metals - Lead,,,,,
MANAKSIA,Metals - Diversified,,,,,
NOVAAGRI,Fertilizers & Agro Chemicals,,,,,
BSLNIFTY,Equity,,,,,
HTMEDIA,Publishing,,,,,
RAMAPHO,Fertilizers & Agro Chemicals,,,,,
REMSONSIND,Auto Parts,,,,,
SOBME,Diversified Financials,,,,,
SOUTHWEST,Mining - Diversified,,,,,
KISAN,Building Products - Pipes,,,,,
MANORG,Commodity Chemicals,,,,,
GOODRICKE,Tea & Coffee,,,,,
VIKRAMTH,Pharmaceuticals,,,,,
PANCHMAHQ,Iron & Steel,,,,,
CWD,Home Electronics & Appliances,,,,,
GSLSU,Building Products - Ceramics,,,,,
AARTISURF,Specialty Chemicals,,,,,
GUJAPOLLO,Industrial Machinery,,,,,
VVIPIL,Construction & Engineering,,,,,
RHL,"Hotels, Resorts & Cruise Lines",,,,,
VIKASLIFE,Plastic Products,,,,,
HPAL,Diversified Chemicals,,,,,
EMAMIREAL,Real Estate,,,,,
METAINFO,Software Services,,,,,
IL&FSENGG,Construction & Engineering,,,,,
FCSSOFT,Software Services,,,,,
OILCOUNTUB,Oil & Gas - Equipment & Services,,,,,
RAMANEWS,Paper Products,,,,,
KANPRPLA,Packaging,,,,,
UVS,Restaurants & Cafes,,,,,
ORIENTCER,Metals - Diversified,,,,,
GLOBECIVIL,Construction & Engineering,,,,,
ALANKIT,Investment Banking & Brokerage,,,,,
POOJAENT,Movies & TV Serials,,,,,
SAKUMA,Commodities Trading,,,,,
INFOLLION,Business Support Services,,,,,
BROOKS,Labs & Life Sciences Services,,,,,
PASUPTAC,Textiles,,,,,
XTGLOBAL,IT Services & Consulting,,,,,
MIRZAINT,Footwear,,,,,
UNIDT,Oil & Gas - Equipment & Services,,,,,
RUBFILA,Commodity Chemicals,,,,,
MOLDTECH,Construction & Engineering,,,,,
DANLAW,IT Services & Consulting,,,,,
FRESHARA,Agro Products,,,,,
SPCENET,Online Services,,,,,
PANSARI,Real Estate,,,,,
BCCL,Specialty Chemicals,,,,,
IFINSEC,Diversified Financials,,,,,
GOACARBON,Metals - Coke,,,,,
ARIES,Fertilizers & Agro Chemicals,,,,,
PELATRO,Advertising,,,,,
PCCL,Metals - Coke,,,,,
ANDHRAPET,Commodity Chemicals,,,,,
VGINFOTECH,Software Services,,,,,
LOKESHMACH,Industrial Machinery,,,,,
SACHEEROME,FMCG - Personal Products,,,,,
CPL,Industrial Machinery,,,,,
EVEXIA,Fertilizers & Agro Chemicals,,,,,
ARFIN,Metals - Aluminium,,,,,
ORIENTBELL,Building Products - Ceramics,,,,,
TIRUPATIFL,Auto Parts,,,,,
APCL,Cement,,,,,
SHINDL,Packaged Foods & Meats,,,,,
VISHNUINFR,Construction & Engineering,,,,,
DCI,IT Services & Consulting,,,,,
PHANTOMFX,Animation,,,,,
GOKUL,Packaged Foods & Meats,,,,,
SUPERSHAKT,Iron & Steel,,,,,
INFINIUM,Commodity Chemicals,,,,,
NIMBSPROJ,Real Estate,,,,,
GEE,Industrial Machinery,,,,,
LORDSCHLO,Commodity Chemicals,,,,,
VIKASECO,Specialty Chemicals,,,,,
AVG,Logistics,,,,,
ASMS,Payment Infrastructure,,,,,
NECLIFE,Pharmaceuticals,,,,,
TICL,Construction & Engineering,,,,,
FREDUN,Pharmaceuticals,,,,,
BYKE,"Hotels, Resorts & Cruise Lines",,,,,
NDGL,Investment Banking & Brokerage,,,,,
WELINV,Diversified Financials,,,,,
KAYCEEI,Electrical Components & Equipments,,,,,
SHREEKARNI,Textiles,,,,,
GCHOTELS,"Hotels, Resorts & Cruise Lines",,,,,
TRF,Industrial Machinery,,,,,
INSPIRISYS,IT Services & Consulting,,,,,
MANAKSTEEL,Iron & Steel,,,,,
RADIOCITY,Radio,,,,,
SINGER,Home Electronics & Appliances,,,,,
RUCHIRA,Paper Products,,,,,
NATHBIOGEN,Agro Products,,,,,
BPL,Home Electronics & Appliances,,,,,
DYNPRO,Commodity Chemicals,,,,,
VISASTEEL,Iron & Steel,,,,,
RIDDHI,Commodities Trading,,,,,
DHABRIYA,Building Products - Laminates,,,,,
KCEIL,Construction & Engineering,,,,,
MIRCELECTR,Home Electronics & Appliances,,,,,
SHIVAUM,Commodities Trading,,,,,
MARBLE,Building Products - Others,,,,,
MINID,"Precious Metals, Jewellery & Watches",,,,,
DJML,Logistics,,,,,
SAHLIBHFI,Diversified Financials,,,,,
RRECL,Real Estate,,,,,
KELENRG,Commodity Chemicals,,,,,
NPL,Specialty Chemicals,,,,,
APOLSINHOT,Restaurants & Cafes,,,,,
VISHAL,Textiles,,,,,
OXYGENTAPH,Pharmaceuticals,,,,,
ITHL,"Hotels, Resorts & Cruise Lines",,,,,
SHIVAMAUTO,Auto Parts,,,,,
VIPULORG,Specialty Chemicals,,,,,
RACE,Textiles,,,,,
ALMONDZ,Investment Banking & Brokerage,,,,,
3IINFOLTD,IT Services & Consulting,,,,,
BBTCL,Packaging,,,,,
KANORICHEM,Specialty Chemicals,,,,,
KCPSUGIND,Sugar,,,,,
MAHEPC,Agricultural & Farm Machinery,,,,,
VIESL,Business Support Services,,,,,
PHOENIXTN,"Hotels, Resorts & Cruise Lines",,,,,
ARYACAPM,Diversified Financials,,,,,
SHARDUL,Investment Banking & Brokerage,,,,,
BRADYM,Industrial Machinery,,,,,
LYKALABS,Pharmaceuticals,,,,,
MAWANASUG,Sugar,,,,,
EXXARO,Building Products - Ceramics,,,,,
INFLUX,Pharmaceuticals,,,,,
VINTRON,Electronic Equipments,,,,,
FROG,Electronic Equipments,,,,,
HARRMALAYA,Agro Products,,,,,
RCOM,Telecom Services,,,,,
EMERGENT,Commodities Trading,,,,,
BCONCEPTS,Retail - Department Stores,,,,,
AERPACE,Renewable Energy,,,,,
QUESTCAP,Investment Banking & Brokerage,,,,,
TITANBIO,Fertilizers & Agro Chemicals,,,,,
DIAMINESQ,Specialty Chemicals,,,,,
IITL,Asset Management,,,,,
VARDHACRLC,Textiles,,,,,
MANBRO,FMCG - Foods,,,,,
LOGICA,Retail - Online,,,,,
SSDL,Retail - Apparel,,,,,
KRISHCA,Iron & Steel,,,,,
SIGMA,IT Services & Consulting,,,,,
TERASOFT,IT Services & Consulting,,,,,
INNOVATORS,Construction & Engineering,,,,,
VIPCLOTHNG,Apparel & Accessories,,,,,
GOLDTECH,IT Services & Consulting,,,,,
AIRAN,IT Services & Consulting,,,,,
MID150BEES,Equity,,,,,
ZENOTECH,Biotechnology,,,,,
MESON,Industrial Machinery,,,,,
KALYANI,Industrial Machinery,,,,,
BOMOXY-B1,Conglomerates,,,,,
LANCER,Logistics,,,,,
OKPLA,Industrial Machinery,,,,,
SHEMAROO,Movies & TV Serials,,,,,
IEL,Construction & Engineering,,,,,
PARIN,Building Products - Others,,,,,
UNIVASTU,Construction & Engineering,,,,,
MADHAVIPL,Construction & Engineering,,,,,
BRGIL,Construction & Engineering,,,,,
BALAJEE,Agro Products,,,,,
AARON,Heavy Electrical Equipments,,,,,
AARVEEDEN,Apparel & Accessories,,,,,
SHILINDORE,"Hotels, Resorts & Cruise Lines",,,,,
GINNIFILA,Textiles,,,,,
GEEKAYWIRE,Iron & Steel,,,,,
KDL,Telecom Infrastructure,,,,,
GLOBALVECT,Airlines,,,,,
SHRADHA,Real Estate,,,,,
GTV,Construction & Engineering,,,,,
NAGAFERT,Fertilizers & Agro Chemicals,,,,,
LOYAL,Industrial Machinery,,,,,
PILITA,Home Furnishing,,,,,
SUDTIND-B,Textiles,,,,,
BARODARY,Textiles,,,,,
SHRIAHIMSA,FMCG - Foods,,,,,
INDAG,Auto Parts,,,,,
MCLEODRUSS,Tea & Coffee,,,,,
INM,Plastic Products,,,,,
ALSTONE,Textiles,,,,,
GOLDKART,"Precious Metals, Jewellery & Watches",,,,,
RBMINFRA,Construction & Engineering,,,,,
UDAYJEW,"Precious Metals, Jewellery & Watches",,,,,
PURPLEUTED,Apparel & Accessories,,,,,
BALGOPAL,Apparel & Accessories,,,,,
SWARAJ,Textiles,,,,,
WARDINMOBI,Two Wheelers,,,,,
A2ZINFRA,Construction & Engineering,,,,,
HITECHCORP,Packaging,,,,,
SKP,Industrial Machinery,,,,,
BSLGOLDETF,Gold,,,,,
DPWIRES,Iron & Steel,,,,,
WTICAB,Tour & Travel Services,,,,,
PROV,Packaged Foods & Meats,,,,,
SINTERCOM,Industrial Machinery,,,,,
TTL,Textiles,,,,,
EKI,Environmental Services,,,,,
SYSTANGO,IT Services & Consulting,,,,,
UYFINCORP,Diversified Financials,,,,,
NSL,FMCG - Foods,,,,,
GICL,Logistics,,,,,
AUTOIND,Auto Parts,,,,,
SMSLIFE,Pharmaceuticals,,,,,
TECHERA,Aerospace & Defense Equipments,,,,,
CNINFOTECH,IT Services & Consulting,,,,,
MULTIBASE,Specialty Chemicals,,,,,
SAAKSHI,Electrical Components & Equipments,,,,,
GRETEX,Apparel & Accessories,,,,,
CMNL,Iron & Steel,,,,,
DPEL,Cables,,,,,
NIPPOBATRY,Batteries,,,,,
LIKHAMI,Outsourced services,,,,,
MEDICO,Pharmaceuticals,,,,,
VSTL,Iron & Steel,,,,,
DCMNVL,Textiles,,,,,
TREJHARA,IT Services & Consulting,,,,,
PUSHPA,"Precious Metals, Jewellery & Watches",,,,,
AVEER,FMCG - Foods,,,,,
GENNEX,Pharmaceuticals,,,,,
RUDRA,Iron & Steel,,,,,
PSPLATINA,Real Estate,,,,,
MARKOLINES,Power Infrastructure,,,,,
SAHYADRI,Cement,,,,,
DAVANGERE,Sugar,,,,,
NAMOEWASTE,Environmental Services,,,,,
UCAL,Auto Parts,,,,,
BRRL,Real Estate,,,,,
BALAJIPHOS,Fertilizers & Agro Chemicals,,,,,
AHMDSTE,Commodities Trading,,,,,
EMERALL,Wellness Services,,,,,
PRITIKAUTO,Auto Parts,,,,,
SURAJ,Iron & Steel,,,,,
TRL,Renewable Energy Equipment & Services,,,,,
ABMKNO,Software Services,,,,,
ACESOFT,Software Services,,,,,
EKANSH,Construction & Engineering,,,,,
EFACTOR,Advertising,,,,,
PPAP,Auto Parts,,,,,
GLOBAL,Education Services,,,,,
SOFTSOL,Software Services,,,,,
ALUFLUOR,Commodity Chemicals,,,,,
MAJESAUT,Auto Parts,,,,,
ACLD,Agro Products,,,,,
RAJGASES,Gas Distribution,,,,,
KIMIABL,Pharmaceuticals,,,,,
ABATEAS,Health Care Equipment & Supplies,,,,,
DUGLOBAL,IT Services & Consulting,,,,,
SHERA,Metals - Diversified,,,,,
TTFL,Textiles,,,,,
NEPTUNE,Building Products - Ceramics,,,,,
KINGSINFR,Real Estate,,,,,
CINELINE,Real Estate,,,,,
JAYSREETEA,Tea & Coffee,,,,,
EVERESTO,Pharmaceuticals,,,,,
PODDARMENT,Specialty Chemicals,,,,,
MODIRUBBER,Tires & Rubber,,,,,
COSMOFE,Electrical Components & Equipments,,,,,
EMERALD,Consumer Finance,,,,,
AXISGOLD,Gold,,,,,
SGFRL,Construction & Engineering,,,,,
VAARAD,Conglomerates,,,,,
ANYA,Fertilizers & Agro Chemicals,,,,,
SCPL,FMCG - Foods,,,,,
GRAVISSHO,"Hotels, Resorts & Cruise Lines",,,,,
ELGIRUBCO,Tires & Rubber,,,,,
KAKA,Building Products - Glass,,,,,
CHAVDA,Construction & Engineering,,,,,
NITINCAST,Metals - Iron,,,,,
GTTDATA,Software Services,,,,,
SHREYANIND,Paper Products,,,,,
ELGNZ,Construction & Engineering,,,,,
SIYARAM,Cycles,,,,,
AXITA,Textiles,,,,,
INDOUS,Agro Products,,,,,
APRAMEYA,Health Care Equipment & Supplies,,,,,
HUIL,Heavy Electrical Equipments,,,,,
ITCONS,Employment Services,,,,,
SEML,Business Support Services,,,,,
MANOMAY,Textiles,,,,,
KAMOPAINTS,Commodity Chemicals,,,,,
NIRAJ,Construction & Engineering,,,,,
AFIL,Consumer Finance,,,,,
CCHHL,"Hotels, Resorts & Cruise Lines",,,,,
TLL,Pharmaceuticals,,,,,
TRITONV,Auto Parts,,,,,
MARALOVER,Textiles,,,,,
REPL,Real Estate,,,,,
CPCAP,Education Services,,,,,
MENNPIS,Auto Parts,,,,,
KOTARISUG,Sugar,,,,,
SAH,Commodity Chemicals,,,,,
SUPREME,Real Estate,,,,,
JAYSYNTH,Specialty Chemicals,,,,,
QLL,Labs & Life Sciences Services,,,,,
MEGASTAR,Packaged Foods & Meats,,,,,
SUNDRMBRAK,Auto Parts,,,,,
SUPREMEINF,Construction & Engineering,,,,,
ASIIL,Mining - Diversified,,,,,
MASON,Construction & Engineering,,,,,
WAAREE,Specialty Chemicals,,,,,
BTTL,Commodities Trading,,,,,
ABAN,Oil & Gas - Equipment & Services,,,,,
BIRLAPREC,Industrial Machinery,,,,,
VARIMAN,IT Services & Consulting,,,,,
CHEMBOND,Specialty Chemicals,,,,,
KESARPE,Commodity Chemicals,,,,,
SAKHTISUG,Sugar,,,,,
STARTECK,Diversified Financials,,,,,
ORGANICREC,Construction & Engineering,,,,,
SPRIGHT,Agro Products,,,,,
VIRINCHI,IT Services & Consulting,,,,,
AXISBPSETF,Equity,,,,,
PGFOILQ,Packaging,,,,,
TRISHAKT,Oil & Gas - Equipment & Services,,,,,
SHISHIND,Plastic Products,,,,,
MCEL,Business Support Services,,,,,
PESB,Investment Banking & Brokerage,,,,,
JAINAM,Metals - Diversified,,,,,
TIERRA,Agro Products,,,,,
ANIKINDS,Commodities Trading,,,,,
PANAENERG,Batteries,,,,,
RBS,FMCG - Household Products,,,,,
TALBROSENG,Auto Parts,,,,,
ADCOUNTY,Advertising,,,,,
BEEZAASAN,Textiles,,,,,
AJANTSOY,Agro Products,,,,,
BHATIA,Retail - Speciality,,,,,
FIDEL,IT Services & Consulting,,,,,
ZEELEARN,Education Services,,,,,
UFO,Movies & TV Serials,,,,,
CTL,Consumer Finance,,,,,
MVKAGRO,Agro Products,,,,,
RVHL,Real Estate,,,,,
GILLANDERS,Conglomerates,,,,,
COMFINTE,Consumer Finance,,,,,
GALXBRG,Heavy Machinery,,,,,
SATKARTAR,FMCG - Personal Products,,,,,
ATLANTAA,Construction & Engineering,,,,,
NURECA,Pharmaceuticals,,,,,
SUMIT,Real Estate,,,,,
NIFTYETF,Equity,,,,,
KPT,Industrial Machinery,,,,,
RVTH,Industrial Machinery,,,,,
VIJSOLX,Agro Products,,,,,
PONNIERODE,Sugar,,,,,
SPCL,Electrical Components & Equipments,,,,,
SICAGEN,Building Products - Pipes,,,,,
EEPL,Electrical Components & Equipments,,,,,
ASARFI,Hospitals & Diagnostic Centres,,,,,
TRANSTEEL,Business Support Services,,,,,
RDBRL,Packaging,,,,,
AIRLTD,Real Estate,,,,,
HALDER,Commodities Trading,,,,,
SUPER,Conglomerates,,,,,
ZODIACLOTH,Apparel & Accessories,,,,,
IVC,Asset Management,,,,,
KCK,Textiles,,,,,
ESCONET,IT Services & Consulting,,,,,
GOLDSTAR,Batteries,,,,,
RATNABHUMI,Real Estate,,,,,
BHAGYANGR,Electrical Components & Equipments,,,,,
STARPAPER,Paper Products,,,,,
SPECTSTM,Employment Services,,,,,
AHLEAST,"Hotels, Resorts & Cruise Lines",,,,,
GOYALSALT,Commodity Chemicals,,,,,
AMBALALSA,Pharmaceuticals,,,,,
ZMILGFIN,Investment Banking & Brokerage,,,,,
MERCANTILE,Real Estate,,,,,
MKPL,FMCG - Household Products,,,,,
SIMPLEXCAS,Iron & Steel,,,,,
SVGLOBAL,Real Estate,,,,,
ALSL,Investment Banking & Brokerage,,,,,
NTCIND,FMCG - Tobacco,,,,,
LAWSIKHO,Education Services,,,,,
PRATHAM,Construction & Engineering,,,,,
PANACHE,Technology Hardware,,,,,
BALAXI,Health Care Equipment & Supplies,,,,,
MURUDCERA,Building Products - Ceramics,,,,,
MAXVOLT,Batteries,,,,,
LAKSELEC,Electrical Components & Equipments,,,,,
LLFICL,Diversified Financials,,,,,
ROSSELLIND,Tea & Coffee,,,,,
KALYANIFRG,Iron & Steel,,,,,
DENEERS,Industrial Machinery,,,,,
SANJIVIN,Pharmaceuticals,,,,,
UNIHEALTH,Hospitals & Diagnostic Centres,,,,,
COMMITTED,Logistics,,,,,
RHFL,Home Financing,,,,,
PROFINC,Investment Banking & Brokerage,,,,,
SHIVATEX,Textiles,,,,,
IWP,Wood Products,,,,,
DELPHIFX,Consumer Finance,,,,,
HVAX,Pharmaceuticals,,,,,
SKCIL,Cement,,,,,
DAICHI,Specialty Chemicals,,,,,
PATELSAI,Industrial Machinery,,,,,
INOVSYNTH,Specialty Chemicals,,,,,
RATHIST,Iron & Steel,,,,,
ANLON,Construction & Engineering,,,,,
PLAZACABLE,Industrial Machinery,,,,,
KDML,Commodities Trading,,,,,
BASML,Textiles,,,,,
KRITIKA,Iron & Steel,,,,,
STARHFL,Consumer Finance,,,,,
SWASTIKA,Diversified Financials,,,,,
KMSUGAR,Sugar,,,,,
GLOBOFFS,Oil & Gas - Equipment & Services,,,,,
INDTONER,Commodity Chemicals,,,,,
SAB,Conglomerates,,,,,
INDGELA,Commodity Chemicals,,,,,
SHPLPUNE,"Hotels, Resorts & Cruise Lines",,,,,
TCL,Auto Parts,,,,,
DGCONTENT,Online Services,,,,,
LGBFORGE,Auto Parts,,,,,
UPSURGE,Diversified Financials,,,,,
MKEXIM,Textiles,,,,,
PARSHVA,"Precious Metals, Jewellery & Watches",,,,,
ENVIRO,Electronic Equipments,,,,,
LAXMIPATI,Construction & Engineering,,,,,
ACTIVEINFR,Construction & Engineering,,,,,
AMJLAND,Real Estate,,,,,
COCHINM,Diversified Chemicals,,,,,
DEVIT,IT Services & Consulting,,,,,
WINSOL,Construction & Engineering,,,,,
SURANAT&P,Cables,,,,,
TRIGYN,IT Services & Consulting,,,,,
INDOWIND,Renewable Energy,,,,,
PRIZOR,Business Support Services,,,,,
DRCSYSTEMS,Advertising,,,,,
DRONE,Education Services,,,,,
PANCARBON,Batteries,,,,,
DYNAMIC,Employment Services,,,,,
JAYUSH,Auto Parts,,,,,
BIMETAL,Industrial Machinery,,,,,
COASTCORP,Packaged Foods & Meats,,,,,
KAPSTON,Business Support Services,,,,,
CHATHA,Packaged Foods & Meats,,,,,
COMPEAU,Retail - Speciality,,,,,
GARNETINT,Textiles,,,,,
GGAUTO,Auto Parts,,,,,
JGTL,Industrial Machinery,,,,,
CORDSCABLE,Cables,,,,,
NDLVENTURE,Real Estate,,,,,
RIKHAV,Investment Banking & Brokerage,,,,,
SHAH,Iron & Steel,,,,,
SDREAMS,Retail - Apparel,,,,,
STRATMONT,Commodities Trading,,,,,
HOCL,Commodity Chemicals,,,,,
OSIAHYPER,Retail - Department Stores,,,,,
RANASUG,Sugar,,,,,
TIPSFILMS,Movies & TV Serials,,,,,
SETFNIFBK,Equity,,,,,
JYOTI,Heavy Electrical Equipments,,,,,
VETO,Electrical Components & Equipments,,,,,
TRUEGREEN,Textiles,,,,,
GOURMET,Business Support Services,,,,,
SWADPOL,Real Estate,,,,,
CAPPIPES,Building Products - Others,,,,,
PRAXIS,Home Furnishing,,,,,
UNITEDPOLY,Textiles,,,,,
MHLXMIRU,Textiles,,,,,
SADBHAV,Construction & Engineering,,,,,
PRECISIO,Communication & Networking,,,,,
SERA,Specialized Finance,,,,,
RAJTV,TV Channels & Broadcasters,,,,,
SADHNANIQ,Specialty Chemicals,,,,,
GSMFOILS,Metals - Aluminium,,,,,
PRITIKA,Industrial Machinery,,,,,
LOWVOLIETF,Equity,,,,,
ACTIVE,Textiles,,,,,
SOMATEX,Textiles,,,,,
AMBARPIL,Agro Products,,,,,
ALPINEHOU,Real Estate,,,,,
NAVKARURB,Construction & Engineering,,,,,
DUROPLY,Paper Products,,,,,
UNITEDTEA,Tea & Coffee,,,,,
AASHKA,Health Care Equipment & Supplies,,,,,
AKSHARCHEM,Specialty Chemicals,,,,,
ISWL,Iron & Steel,,,,,
PRIMEFRESH,Agricultural & Farm Machinery,,,,,
PML,Consumer Finance,,,,,
MUL,Gas Distribution,,,,,
TRU,Consumer Finance,,,,,
WHBRADY,Heavy Machinery,,,,,
JHACC,Investment Banking & Brokerage,,,,,
LLOYDS,Wellness Services,,,,,
SHUBHSHREE,Renewable Energy,,,,,
PKTEA,Tea & Coffee,,,,,
POSITRON,Oil & Gas - Equipment & Services,,,,,
BAMBINO,FMCG - Foods,,,,,
NECCLTD,Logistics,,,,,
ESPRIT,Construction & Engineering,,,,,
EMKAYTOOLS,Industrial Machinery,,,,,
RADIXIND,FMCG - Personal Products,,,,,
KATARIA,Construction & Engineering,,,,,
NEAGI,Agro Products,,,,,
KOTYARK,Oil & Gas - Refining & Marketing,,,,,
PRAMARA,Advertising,,,,,
DHARAN,Real Estate,,,,,
ALFREDHE,Industrial Machinery,,,,,
MANCREDIT,Consumer Finance,,,,,
ESSENTIA,Agro Products,,,,,
SBECSUG,Sugar,,,,,
SHRITECH,Textiles,,,,,
AGARWALTUF,Building Products - Glass,,,,,
GULFPETRO,Commodity Chemicals,,,,,
FELIX,Water Management,,,,,
EMAPARTNER,Employment Services,,,,,
NATCAPSUQ,Pharmaceuticals,,,,,
PROFX,Electronic Equipments,,,,,
SILVERLINE,IT Services & Consulting,,,,,
PIGL,Power Infrastructure,,,,,
GENCON,Construction & Engineering,,,,,
DEL,Electrical Components & Equipments,,,,,
NIKITA,Paper Products,,,,,
ASPINWALL,Tea & Coffee,,,,,
SETCO,Auto Parts,,,,,
SHAWGELTIN,Specialty Chemicals,,,,,
QUINT,Advertising,,,,,
HPTL,Technology Hardware,,,,,
GRCL,Tires & Rubber,,,,,
PURPLEFIN,Consumer Finance,,,,,
OMAXAUTO,Auto Parts,,,,,
AARTECH,Electrical Components & Equipments,,,,,
ETML,Tires & Rubber,,,,,
EMMIL,Industrial Machinery,,,,,
WORTH,Packaging,,,,,
PROPEQUITY,Real Estate,,,,,
TBI,Agro Products,,,,,
VGIL,Construction & Engineering,,,,,
ATALREAL,Construction & Engineering,,,,,
STARDELTA,Heavy Electrical Equipments,,,,,
AGOL,"Precious Metals, Jewellery & Watches",,,,,
DCM,Conglomerates,,,,,
ALPA,Pharmaceuticals,,,,,
ABANSENT,Commodities Trading,,,,,
MADHUSUDAN,Packaged Foods & Meats,,,,,
PHARMAID,Pharmaceuticals,,,,,
JMA,Auto Parts,,,,,
WATERBASE,Packaged Foods & Meats,,,,,
RSSOFTWARE,Software Services,,,,,
AERON,Building Products - Others,,,,,
RAJTUBE,Building Products - Pipes,,,,,
SHRAAITECH,IT Services & Consulting,,,,,
GAMCO,Specialized Finance,,,,,
NITIRAJ,Electronic Equipments,,,,,
CORALAB,Pharmaceuticals,,,,,
VISHWARAJ,Sugar,,,,,
OMNITEX,Commodities Trading,,,,,
AVROIND,Plastic Products,,,,,
ECOPLAST,Commodity Chemicals,,,,,
ARCL,Specialty Chemicals,,,,,
AESTHETIK,Construction & Engineering,,,,,
KAVDEFENCE,Communication & Networking,,,,,
NAPL,Packaged Foods & Meats,,,,,
AEIM,Software Services,,,,,
SCANSTL,Iron & Steel,,,,,
BEWLTD,Industrial Machinery,,,,,
DTIL,Tea & Coffee,,,,,
LAL,Apparel & Accessories,,,,,
CHEMTECH,Commodities Trading,,,,,
INNOMET,Metals - Diversified,,,,,
BRIGHTBR,Commodity Chemicals,,,,,
DRONACHRYA,Oil & Gas - Equipment & Services,,,,,
ATVOENT,Apparel & Accessories,,,,,
YASTF,Specialized Finance,,,,,
IPSL,Employment Services,,,,,
DHPIND,Industrial Machinery,,,,,
ATVPR,Industrial Machinery,,,,,
AVANCE,IT Services & Consulting,,,,,
EY,Business Support Services,,,,,
EMMBI,Packaging,,,,,
ARCHIDPLY,Wood Products,,,,,
DUCON,IT Services & Consulting,,,,,
INTENTECH,IT Services & Consulting,,,,,
ARVEE,Specialty Chemicals,,,,,
PPARIVAH,Logistics,,,,,
SONAMLTD,"Precious Metals, Jewellery & Watches",,,,,
ALUWIND,Building Products - Others,,,,,
WINSOMTX,Textiles,,,,,
YASHOPTICS,Pharmaceuticals,,,,,
AGRIBIO,Agro Products,,,,,
INFLAME,Housewares,,,,,
HIMTEK,Auto Parts,,,,,
USHAFIN,Consumer Finance,,,,,
PRLIND,Logistics,,,,,
BHARATAGRI,Commodity Chemicals,,,,,
CENLUB,Industrial Machinery,,,,,
CEENIK,Textiles,,,,,
GIRRESORTS,"Hotels, Resorts & Cruise Lines",,,,,
BAFNAPH,Pharmaceuticals,,,,,
DUCOL,Commodity Chemicals,,,,,
INTLCOMBQ,Industrial Machinery,,,,,
DOLFIN,Auto Parts,,,,,
POLYSIL,Water Management,,,,,
SYSCHEM,Pharmaceuticals,,,,,
VUENOW,IT Services & Consulting,,,,,
SOFCOM,IT Services & Consulting,,,,,
ENFUSE,IT Services & Consulting,,,,,
RPPL,Plastic Products,,,,,
COROENGG,Construction & Engineering,,,,,
TULIVE,Real Estate,,,,,
INDTERRAIN,Apparel & Accessories,,,,,
FORCAS,Apparel & Accessories,,,,,
GOLDENCREST,Education Services,,,,,
GENSOL,Construction & Engineering,,,,,
OIVL,Investment Banking & Brokerage,,,,,
MLKFOOD,FMCG - Foods,,,,,
AEL,Electrical Components & Equipments,,,,,
USK,Construction & Engineering,,,,,
NEPHROCARE,Hospitals & Diagnostic Centres,,,,,
SODFC,Diversified Financials,,,,,
SRSOLTD,IT Services & Consulting,,,,,
AAREYDRUGS,Pharmaceuticals,,,,,
KEIL,Building Products - Others,,,,,
MAL,Iron & Steel,,,,,
INCREDIBLE,Iron & Steel,,,,,
TAINWALCHM,Plastic Products,,,,,
GVPTECH,IT Services & Consulting,,,,,
CHEMCRUX,Commodity Chemicals,,,,,
TANKUP,Heavy Machinery,,,,,
DIKSAT,TV Channels & Broadcasters,,,,,
MUKTAARTS,Movies & TV Serials,,,,,
KESORAMIND,Tires & Rubber,,,,,
AVAILFC,Specialized Finance,,,,,
EMMFORCE,Auto Parts,,,,,
ACEALPHA,Software Services,,,,,
VASWANI,Iron & Steel,,,,,
KRRAIL,Construction & Engineering,,,,,
SUBAM,Packaging,,,,,
IVP,Commodity Chemicals,,,,,
SUNLITE,Cables,,,,,
CFEL,Oil & Gas - Storage & Transportation,,,,,
APOLLOFI,Diversified Financials,,,,,
PANCHSHEEL,Pharmaceuticals,,,,,
EQUIPPP,IT Services & Consulting,,,,,
KANCHI,Commodity Chemicals,,,,,
CENTEXT,Metals - Aluminium,,,,,
UMANGDAIRY,FMCG - Foods,,,,,
TAHMARENT,Alcoholic Beverages,,,,,
MSL,Seeds,,,,,
INDSUCR,Sugar,,,,,
GCKL,"Hotels, Resorts & Cruise Lines",,,,,
SAIFL,Construction & Engineering,,,,,
REGENCY,Specialized Finance,,,,,
UVDRHOR,Industrial Machinery,,,,,
CROWN,Heavy Machinery,,,,,
BRAHMINFRA,Construction & Engineering,,,,,
TEXMOPIPES,Plastic Products,,,,,
HBESD,Real Estate,,,,,
SUPERHOUSE,Footwear,,,,,
WEIZMANIND,Textiles,,,,,
SHBAJRG,Iron & Steel,,,,,
AARNAV,Investment Banking & Brokerage,,,,,
INDIANCARD,Industrial Machinery,,,,,
CRSL,IT Services & Consulting,,,,,
VKAL,Publishing,,,,,
RRIL,Textiles,,,,,
TEXELIN,Agricultural & Farm Machinery,,,,,
SDL26BEES,Debt,,,,,
HPBL,Packaging,,,,,
JK AGRI,Seeds,,,,,
REGIS,Business Support Services,,,,,
LAGNAM,Textiles,,,,,
SOMICONVEY,Industrial Machinery,,,,,
SIGIND,Plastic Products,,,,,
HINDCON,Commodity Chemicals,,,,,
RUCHINFRA,Agro Products,,,,,
RKEC,Construction & Engineering,,,,,
DHINDIA,Industrial Machinery,,,,,
ITTL,Tires & Rubber,,,,,
DHOOTIN,Commodities Trading,,,,,
STARLENT,"Precious Metals, Jewellery & Watches",,,,,
CAPRIHANS,Commodity Chemicals,,,,,
CORALFINAC,Real Estate,,,,,
AAIL,Auto Parts,,,,,
JEYYAM,FMCG - Foods,,,,,
MAITREYA,Hospitals & Diagnostic Centres,,,,,
EUROASIA,Commodities Trading,,,,,
SANGAMFIN,Specialized Finance,,,,,
MURAE,Pharmaceuticals,,,,,
CHLLTD,"Hotels, Resorts & Cruise Lines",,,,,
ALPHAGEO,Oil & Gas - Equipment & Services,,,,,
SAYAJIIND,Agro Products,,,,,
MCPL,Building Products - Others,,,,,
MAHESHWARI,Logistics,,,,,
SAVERA,"Hotels, Resorts & Cruise Lines",,,,,
SUNTECH,Construction & Engineering,,,,,
KHFM,Business Support Services,,,,,
MADHAVBAUG,Labs & Life Sciences Services,,,,,
APIS,Agro Products,,,,,
DESCO,Construction & Engineering,,,,,
AKANKSHA,Electronic Equipments,,,,,
CEDAAR,Textiles,,,,,
IPRINGLTD,Auto Parts,,,,,
BIZOTIC,Textiles,,,,,
ASTONEALAB,Pharmaceuticals,,,,,
THACKER,Real Estate,,,,,
ISFT,Retail - Online,,,,,
CANDOUR,Textiles,,,,,
EMPOWER,Online Services,,,,,
SADHAV,Business Support Services,,,,,
AUROLAB,Pharmaceuticals,,,,,
KREBSBIO,Pharmaceuticals,,,,,
TAMBOLIIN,Industrial Machinery,,,,,
INVENTURE,Investment Banking & Brokerage,,,,,
SAPPL,Paper Products,,,,,
AIROLAM,Building Products - Laminates,,,,,
MANAKALUCO,Metals - Aluminium,,,,,
FORGEAUTO,Auto Parts,,,,,
CANARYS,IT Services & Consulting,,,,,
RCAN,Packaging,,,,,
RESGEN,Oil & Gas - Refining & Marketing,,,,,
HEALTHYLIFE,Agro Products,,,,,
DOLLEX,Sugar,,,,,
ZEAL,Logistics,,,,,
CHETANA,Education Services,,,,,
LOYALTEX,Textiles,,,,,
SRIGEE,Industrial Machinery,,,,,
SHRIDINE,Textiles,,,,,
GUJINTRX,Iron & Steel,,,,,
RAJINDLTD,Metals - Copper,,,,,
PURVFLEXI,Plastic Products,,,,,
BRNL,Roads,,,,,
SADBHIN,Roads,,,,,
SHYAMCENT,Iron & Steel,,,,,
SELLWIN,Commodities Trading,,,,,
ROYALARC,Cables,,,,,
UMAEXPORTS,Agro Products,,,,,
TUNWAL,Two Wheelers,,,,,
IEML,Specialty Chemicals,,,,,
ICONIKSPEV,IT Services & Consulting,,,,,
LANCORHOL,Real Estate,,,,,
BLUEWATER,Logistics,,,,,
LKPSEC,Diversified Financials,,,,,
ATCENERGY,Batteries,,,,,
BCCFUBA,Electronic Equipments,,,,,
BI,Labs & Life Sciences Services,,,,,
DESTINY,Logistics,,,,,
MDL,Home Furnishing,,,,,
SMLT,Electrical Components & Equipments,,,,,
SURANI,Building Products - Pipes,,,,,
HECPROJECT,Electrical Components & Equipments,,,,,
AICHAMP,Textiles,,,,,
KIFS,Specialized Finance,,,,,
SANINFRA,Real Estate,,,,,
BSL,Textiles,,,,,
SIKKO,Fertilizers & Agro Chemicals,,,,,
COMPUSOFT,Education Services,,,,,
ARIHANTACA,Education Services,,,,,
TIRUSTA,Commodity Chemicals,,,,,
BRPL,Building Products - Glass,,,,,
SEMAC,Construction & Engineering,,,,,
HINDADH,Packaging,,,,,
SURANASOL,Renewable Energy Equipment & Services,,,,,
DUNCANENG,Auto Parts,,,,,
SHRIGANG,Packaged Foods & Meats,,,,,
ONEGLOBAL,Health Care Equipment & Supplies,,,,,
GANGESSECU,Diversified Financials,,,,,
JSLINDL,Electrical Components & Equipments,,,,,
STHINPA,Paper Products,,,,,
SHREEOSFM,Tour & Travel Services,,,,,
HSIL,Health Care Equipment & Supplies,,,,,
MODULEX,Construction & Engineering,,,,,
HPIL,Diversified Chemicals,,,,,
MACOBSTECH,Wellness Services,,,,,
PSUBNKBEES,Equity,,,,,
BARFLEX,Packaging,,,,,
STEELCITY,Investment Banking & Brokerage,,,,,
SIMMOND,Industrial Machinery,,,,,
NATPLASTI,Plastic Products,,,,,
MANAS,Real Estate,,,,,
SCL,Specialized Finance,,,,,
STANCAP,Consumer Finance,,,,,
GAYAPROJ,Construction & Engineering,,,,,
ZBINTXPP,Textiles,,,,,
PRIMAPLA,Housewares,,,,,
DEEPAKCHEM,Specialty Chemicals,,,,,
INDSILHYD,Metals - Iron,,,,,
MASTER,Plastic Products,,,,,
7SEASL,Online Services,,,,,
SHAHLON,Textiles,,,,,
HINDHARD,Auto Parts,,,,,
GTL,Telecom Infrastructure,,,,,
SLONE,Technology Hardware,,,,,
SUMUKA,FMCG - Foods,,,,,
CPS,Retail - Apparel,,,,,
SPITZE,Cables,,,,,
MITSU,Commodity Chemicals,,,,,
METROGLOBL,Commodities Trading,,,,,
KAIRA,Packaging,,,,,
GUJTLRM,Construction & Engineering,,,,,
SHIGAN,Auto Parts,,,,,
EXPOGAS,Agricultural & Farm Machinery,,,,,
TIMESGTY,Investment Banking & Brokerage,,,,,
KORE,Electrical Components & Equipments,,,,,
MACPLASQ,Auto Parts,,,,,
AARVI,Outsourced services,,,,,
GLOBUSCON,Power Generation,,,,,
NAGPI,Mining - Manganese,,,,,
GEMENVIRO,Environmental Services,,,,,
NATHIND,Paper Products,,,,,
BALPHARMA,Pharmaceuticals,,,,,
BIHSPONG,Iron & Steel,,,,,
SHKSIL,Iron & Steel,,,,,
NATFIT,Iron & Steel,,,,,
SAFE,Education Services,,,,,
HILTON,Industrial Machinery,,,,,
APEXECO,Environmental Services,,,,,
HINDTIN,Packaging,,,,,
PMCFIN,Diversified Financials,,,,,
PRAENG,Construction & Engineering,,,,,
ODYSSEY,Software Services,,,,,
THAKDEV,Real Estate,,,,,
MUNCAPM,Asset Management,,,,,
SYLVANPLY,Wood Products,,,,,
LOTUSEYE,Hospitals & Diagnostic Centres,,,,,
RAJSREESUG,Sugar,,,,,
CRAYONS,Advertising,,,,,
MAGNUM,Paper Products,,,,,
VJTFEDU,Education Services,,,,,
SMARTLINK,Communication & Networking,,,,,
KEMP,Retail - Speciality,,,,,
RAJPUTANA,Oil & Gas - Refining & Marketing,,,,,
SHILGRAVQ,Industrial Machinery,,,,,
NBL,Software Services,,,,,
HARSHDEEP,Housewares,,,,,
MAXIMUS,Commodities Trading,,,,,
BDH,Pharmaceuticals,,,,,
POLSON,Commodity Chemicals,,,,,
GLOBALPET,Industrial Machinery,,,,,
MAXPOSURE,Advertising,,,,,
RTSPOWR,Heavy Electrical Equipments,,,,,
GVL,Oil & Gas - Storage & Transportation,,,,,
MODTHREAD,Textiles,,,,,
AKI,Apparel & Accessories,,,,,
MANGIND,Diversified Financials,,,,,
LAKSHYA,Construction & Engineering,,,,,
CAPTRUST,Consumer Finance,,,,,
YAARI,Business Support Services,,,,,
IBLFL,Consumer Finance,,,,,
VIPULLTD,Real Estate,,,,,
SECMARK,IT Services & Consulting,,,,,
OSIAJEE,Textiles,,,,,
TRUST,Software Services,,,,,
INDBANK,Investment Banking & Brokerage,,,,,
ENSER,IT Services & Consulting,,,,,
MAHAPEXLTD,Consumer Finance,,,,,
LAKSHMIEW,Logistics,,,,,
QMSMEDI,Hospitals & Diagnostic Centres,,,,,
SURYALA,Textiles,,,,,
VR,Real Estate,,,,,
AURDIS,Alcoholic Beverages,,,,,
UMIYA-MRO,Real Estate,,,,,
NIRMAN,Agro Products,,,,,
SNL,Industrial Machinery,,,,,
BTML,Movies & TV Serials,,,,,
SAMOR,Real Estate,,,,,
ARTNIRMAN,Real Estate,,,,,
SHEETAL,Agro Products,,,,,
BCPL,Construction & Engineering,,,,,
JOCIL,Commodity Chemicals,,,,,
SONAL,Diversified Financials,,,,,
TARMAT,Construction & Engineering,,,,,
SURATRAML,Commodities Trading,,,,,
TAKE,IT Services & Consulting,,,,,
DRSDILIP,Logistics,,,,,
CRYOGENIC,Oil & Gas - Equipment & Services,,,,,
ZR2,Renewable Energy,,,,,
NIDHGRN,Investment Banking & Brokerage,,,,,
TYCHE,Pharmaceuticals,,,,,
KEYFINSERV,Investment Banking & Brokerage,,,,,
RAPIDFLEET,Logistics,,,,,
LANDMARC,"Hotels, Resorts & Cruise Lines",,,,,
CALSOFT,IT Services & Consulting,,,,,
NEWINFRA,Real Estate,,,,,
FERVENTSYN,Conglomerates,,,,,
BNALTD,Agro Products,,,,,
VEEKAYEM,Textiles,,,,,
KLL,Logistics,,,,,
PARMAX,Pharmaceuticals,,,,,
ELAND,Apparel & Accessories,,,,,
VITAL,Commodity Chemicals,,,,,
QUESTLAB,Pharmaceuticals,,,,,
3RDROCK,"Hotels, Resorts & Cruise Lines",,,,,
PREMCO,Textiles,,,,,
LOVABLE,Apparel & Accessories,,,,,
PACIFICI,Mining - Diversified,,,,,
TGL,Construction & Engineering,,,,,
SALSTEEL,Iron & Steel,,,,,
MCL,Metals - Copper,,,,,
WOMANCART,Retail - Online,,,,,
SHARP,Home Electronics & Appliances,,,,,
ARHAM,Home Electronics & Appliances,,,,,
ATISHAY,Outsourced services,,,,,
BAGFILMS,Movies & TV Serials,,,,,
SOTAC,Pharmaceuticals,,,,,
ELNET,Real Estate,,,,,
RELCHEMQ,Textiles,,,,,
ACSTECH,Software Services,,,,,
SHRDAIS,Iron & Steel,,,,,
MMEL,Business Support Services,,,,,
SENSEX1,Equity,,,,,
HDIL,Real Estate,,,,,
FIBERWEB,Textiles,,,,,
LGLL,Business Support Services,,,,,
ZEAL,Packaged Foods & Meats,,,,,
LAMBODHARA,Textiles,,,,,
AVIANSH,Textiles,,,,,
AUSOMENT,Commodities Trading,,,,,
TILAK,Diversified Financials,,,,,
RAJMET,Metals - Diversified,,,,,
MODAIRY,FMCG - Foods,,,,,
EXCEL,Construction & Engineering,,,,,
AKSHOPTFBR,Communication & Networking,,,,,
NEXT50IETF,Equity,,,,,
ANKIN,IT Services & Consulting,,,,,
GREENCHEF,Home Electronics & Appliances,,,,,
SSLEL,Sugar,,,,,
SCOOBEEDAY,Apparel & Accessories,,,,,
KVFORGE,Metals - Diversified,,,,,
RAPPID,Industrial Machinery,,,,,
CALCOM,Electrical Components & Equipments,,,,,
MAINFRA,Construction & Engineering,,,,,
JETKINGQ,Education Services,,,,,
SMRUTHIORG,Pharmaceuticals,,,,,
HINDNATGLS,Packaging,,,,,
TECHKGREEN,Environmental Services,,,,,
ULTRACAB,Cables,,,,,
SHETR,Packaging,,,,,
IPHL,Commodity Chemicals,,,,,
WELCURE,Pharmaceuticals,,,,,
SANCTRN,Logistics,,,,,
DENISCHEM,Pharmaceuticals,,,,,
GUJSTATFIN,Specialized Finance,,,,,
SURJIND,Packaged Foods & Meats,,,,,
WIPL,Wood Products,,,,,
SALONA,Textiles,,,,,
SURYALAXMI,Textiles,,,,,
BAIDFIN,Consumer Finance,,,,,
KRETTOSYS,IT Services & Consulting,,,,,
KGPETRO,Textiles,,,,,
MANGALAM,Pharmaceuticals,,,,,
BHARATGEAR,Auto Parts,,,,,
SILGO,"Precious Metals, Jewellery & Watches",,,,,
PANCM,Cement,,,,,
PJL,"Precious Metals, Jewellery & Watches",,,,,
VANDU,IT Services & Consulting,,,,,
DHARIWAL,Specialty Chemicals,,,,,
XELPMOC,IT Services & Consulting,,,,,
SEACOAST,Logistics,,,,,
SONUINFRA,Construction & Engineering,,,,,
KANSHST,Iron & Steel,,,,,
SAMBHAAV,Publishing,,,,,
SAMRATFORG,Metals - Diversified,,,,,
BHAGYAPROP,Real Estate,,,,,
KOHINOOR,Packaged Foods & Meats,,,,,
SWANAGRO,Agricultural & Farm Machinery,,,,,
BHANDARI,Apparel & Accessories,,,,,
JASCH,Textiles,,,,,
NAMAN,Business Support Services,,,,,
OPTIFIN,Specialized Finance,,,,,
VAISHALI,Pharmaceuticals,,,,,
CGVAK,Software Services,,,,,
DELAPLEX,IT Services & Consulting,,,,,
AMWILL,Health Care Equipment & Supplies,,,,,
DHRUV,Construction & Engineering,,,,,
URBAN,Water Management,,,,,
RUNGTAIR,Building Products - Pipes,,,,,
RSDFIN,Diversified Financials,,,,,
DEEP,Specialty Chemicals,,,,,
PRITHVIEXCH,Investment Banking & Brokerage,,,,,
RISHILASE,Industrial Machinery & Supplies & Components,,,,,
CUBEXTUB,Metals - Copper,,,,,
REXNORD,Industrial Machinery,,,,,
JAINIK,Cables,,,,,
MAGSON,FMCG - Foods,,,,,
SALAUTO,Auto Parts,,,,,
READYMIX,Construction & Engineering,,,,,
ZENITHEXPO,Textiles,,,,,
FORTISMLR,Hospitals & Diagnostic Centres,,,,,
RESONANCE,Specialty Chemicals,,,,,
HFIL,Packaged Foods & Meats,,,,,
UHTL,Heavy Electrical Equipments,,,,,
SIZEMASTER,Animation,,,,,
PIONEEREMB,Apparel & Accessories,,,,,
LATTEYS,Industrial Machinery,,,,,
QGOLDHALF,Gold,,,,,
SAMKRG,Auto Parts,,,,,
BASANTGL,Commodity Chemicals,,,,,
KAJARIR,Iron & Steel,,,,,
FLOMIC,Logistics,,,,,
GROBTEA,Tea & Coffee,,,,,
BENGALT,Textiles,,,,,
STML,Telecom Services,,,,,
TOTAL,Logistics,,,,,
HDFCSENSEX,Equity,,,,,
MAYASHEEL,Roads,,,,,
REFRACTORY,Construction & Engineering,,,,,
ZENITHDRUG,Pharmaceuticals,,,,,
CHOKSILA,Labs & Life Sciences Services,,,,,
OSWALSEEDS,Seeds,,,,,
GPSL,Plastic Products,,,,,
SSFL,FMCG - Foods,,,,,
TANVI,Packaged Foods & Meats,,,,,
PRUDMOULI,Sugar,,,,,
PALASHSECU,Diversified Financials,,,,,
MCFL,FMCG - Foods,,,,,
ATHENAGLO,IT Services & Consulting,,,,,
LACTOSE,Pharmaceuticals,,,,,
RAAJMEDI,Health Care Equipment & Supplies,,,,,
MRP,Agro Products,,,,,
EFORCE,Electronic Equipments,,,,,
EDVENSWA,IT Services & Consulting,,,,,
AIML,Building Products - Prefab Structures,,,,,
INDINFO,Consumer Finance,,,,,
PRITI,Home Furnishing,,,,,
KEL,Electrical Components & Equipments,,,,,
KAKATCEM,Cement,,,,,
VISESHINFO,IT Services & Consulting,,,,,
SIL,Textiles,,,,,
MOKSH,"Precious Metals, Jewellery & Watches",,,,,
MITCON,Education Services,,,,,
SHINEFASH,Textiles,,,,,
PICCASUG,Alcoholic Beverages,,,,,
PARAGON,Specialty Chemicals,,,,,
DTL,IT Services & Consulting,,,,,
LAHOTIOV,Textiles,,,,,
DIGIKORE,Animation,,,,,
HOLMARC,Industrial Machinery,,,,,
AMARJOTHI,Textiles,,,,,
TOKYOPLAST,Housewares,,,,,
JAFINANCE,Specialized Finance,,,,,
JAMESWARREN,Agro Products,,,,,
SHAHALLOYS,Iron & Steel,,,,,
GOLKUNDIA,"Precious Metals, Jewellery & Watches",,,,,
BAPACK,Paper Products,,,,,
EASTINDIA,Plastic Products,,,,,
CGFL,Asset Management,,,,,
SPTRSHI,Agro Products,,,,,
BAROEXT,Industrial Machinery,,,,,
VEGA,"Precious Metals, Jewellery & Watches",,,,,
ISHANCH,Commodity Chemicals,,,,,
NEWJAISA,Technology Hardware,,,,,
ATAM,Industrial Machinery,,,,,
PRIMIND,Real Estate,,,,,
ARUNIS,Real Estate,,,,,
PATINTLOG,Logistics,,,,,
SHERVANI,Real Estate,,,,,
REXPIPES,Building Products - Pipes,,,,,
IFL,Textiles,,,,,
DCG,Electrical Components & Equipments,,,,,
PCCOSMA,FMCG - Household Products,,,,,
ITL,Industrial Machinery,,,,,
IL&FSTRANS,Roads,,,,,
DIGIDRIVE,Online Services,,,,,
CRAVATEX,Commodities Trading,,,,,
KKJEWELS,"Precious Metals, Jewellery & Watches",,,,,
SPLIL,Apparel & Accessories,,,,,
CNIRESLTD,Diversified Financials,,,,,
RISHIROOP,Commodity Chemicals,,,,,
SGLRES,Software Services,,,,,
ESCORP,Asset Management,,,,,
PARNAXLAB,Pharmaceuticals,,,,,
TCIIND,Commodities Trading,,,,,
SVJ,Packaging,,,,,
BEARDSELL,Building Products - Prefab Structures,,,,,
STARLOG,Construction & Engineering,,,,,
ACCURACY,Logistics,,,,,
SHRIKRISH,Real Estate,,,,,
BHUDEVI,Real Estate,,,,,
SATTRIX,IT Services & Consulting,,,,,
MAIDEN,Metals - Diversified,,,,,
BITS,Education Services,,,,,
PARVATI,Sugar,,,,,
PAR,Pharmaceuticals,,,,,
SHANTIDENM,Textiles,,,,,
PSRAJ,Metals - Diversified,,,,,
FRANKLININD,Investment Banking & Brokerage,,,,,
LATIMMETAL,Real Estate,,,,,
CLARA,Packaging,,,,,
SELMC,Textiles,,,,,
ALPHAIND,Education Services,,,,,
RAJABAH,Real Estate,,,,,
ROYAL,Health Care Equipment & Supplies,,,,,
ABHICAP,Diversified Financials,,,,,
TNTELE,Telecom Equipments,,,,,
BHILSPIN,Textiles,,,,,
GOYALALUM,Iron & Steel,,,,,
SIDDHIKA,Construction & Engineering,,,,,
RAJNISH,FMCG - Personal Products,,,,,
RADHEDE,Real Estate,,,,,
ODIGMA,Advertising,,,,,
SAMPANN,Commodity Chemicals,,,,,
REGENCERAM,Building Products - Ceramics,,,,,
MAHICKRA,Specialty Chemicals,,,,,
OLIL,Logistics,,,,,
GMPL,Specialty Chemicals,,,,,
OMFURN,Home Furnishing,,,,,
SAMRATPH,Commodity Chemicals,,,,,
AMBOAGRI,Agro Products,,,,,
WALLFORT,Investment Banking & Brokerage,,,,,
VISAMAN,Iron & Steel,,,,,
ZENITHSTL,Building Products - Pipes,,,,,
SILKFLEX,Specialty Chemicals,,,,,
LPDC,Real Estate,,,,,
AAKAAR,Health Care Equipment & Supplies,,,,,
YAMNINV,Specialized Finance,,,,,
INDIANACRY,Textiles,,,,,
TOUCHWOOD,Advertising,,,,,
PATTECH,Construction & Engineering,,,,,
AZTEC,Industrial Machinery,,,,,
FLEXITUFF,Packaging,,,,,
GENPHARMA,Commodities Trading,,,,,
DHARNI,Specialized Finance,,,,,
MORGAN,Investment Banking & Brokerage,,,,,
HOACFOODS,FMCG - Foods,,,,,
ABSLNN50ET,Equity,,,,,
ONDOOR,Retail - Online,,,,,
NARBADA,"Precious Metals, Jewellery & Watches",,,,,
OBCL,Logistics,,,,,
ABVL,Commodities Trading,,,,,
JHS,FMCG - Personal Products,,,,,
BEACON,Diversified Financials,,,,,
KRANTI,Auto Parts,,,,,
DEEPAKSP,Textiles,,,,,
KTIL,Oil & Gas - Storage & Transportation,,,,,
ACME,Diversified Financials,,,,,
RRETAIL,"Precious Metals, Jewellery & Watches",,,,,
STAL,Building Products - Others,,,,,
AISL,Construction & Engineering,,,,,
GLOBE,Textiles,,,,,
PRAKASHSTL,Building Products - Pipes,,,,,
ARVINDPORT,Logistics,,,,,
JATTAINDUS,Textiles,,,,,
SILVERIETF,Equity,,,,,
SREINFRA,Specialized Finance,,,,,
AAATECH,IT Services & Consulting,,,,,
SAJHOTELS,"Hotels, Resorts & Cruise Lines",,,,,
REMIEDEL,Iron & Steel,,,,,
WEPSOLN,IT Services & Consulting,,,,,
GANGAPA,Paper Products,,,,,
KKALPANAIND,Specialty Chemicals,,,,,
MOTOGENFIN,Real Estate,,,,,
GUJHOTE,"Hotels, Resorts & Cruise Lines",,,,,
REMLIFE,Pharmaceuticals,,,,,
HISARMETAL,Building Products - Pipes,,,,,
ENERGYDEV,Renewable Energy,,,,,
HINDAPL,Textiles,,,,,
VIPPYSP,Textiles,,,,,
MHHL,Health Care Equipment & Supplies,,,,,
HARYNACAP,Consumer Finance,,,,,
VGCL,Diversified Financials,,,,,
OVOBELE,Packaged Foods & Meats,,,,,
BGWTATO,Iron & Steel,,,,,
VASUPRADA,Agro Products,,,,,
MYMUDRA,Consumer Finance,,,,,
ASSAMENT,Specialized Finance,,,,,
AMDIND,Packaging,,,,,
SONAMAC,Agro Products,,,,,
MERCURYLAB,Pharmaceuticals,,,,,
SUNDARAM,Paper Products,,,,,
DELTIC,Two Wheelers,,,,,
SCML,Industrial Machinery,,,,,
ADDIND,Textiles,,,,,
CHLOGIST,Logistics,,,,,
KLRFM,Packaged Foods & Meats,,,,,
VIRYA,Commodities Trading,,,,,
ODYCORP,Conglomerates,,,,,
CHANDRIMA,"Precious Metals, Jewellery & Watches",,,,,
FELDVR,Conglomerates,,,,,
HBPOR,Diversified Financials,,,,,
AAKASH,Oil & Gas - Equipment & Services,,,,,
KATIPATANG,IT Services & Consulting,,,,,
TFL,Diversified Financials,,,,,
SUVIDHAA,Online Services,,,,,
CINEVISTA,Movies & TV Serials,,,,,
DELTAMAGNT,Industrial Machinery,,,,,
ASCOM,Consumer Finance,,,,,
BIBCL,Pharmaceuticals,,,,,
KAMATS,Hospitals & Diagnostic Centres,,,,,
SUPRAPFSL,Specialized Finance,,,,,
VALENCIA,Alcoholic Beverages,,,,,
ANMOL,Commodities Trading,,,,,
AMBANIORGO,Diversified Chemicals,,,,,
WARDWIZFBL,Packaged Foods & Meats,,,,,
KONSTELEC,Construction & Engineering,,,,,
DBSTOCKBRO,Investment Banking & Brokerage,,,,,
BLUEGOD,,,,,,
VOLERCAR,Logistics,,,,,
DIGJAMLMTD,Textiles,,,,,
TPHQ,Construction & Engineering,,,,,
ECOHOTELS,"Hotels, Resorts & Cruise Lines",,,,,
APLAB,Electronic Equipments,,,,,
FUNDVISER,Construction Materials,,,,,
SSTL,Telecom Services,,,,,
COSCO,Theme Parks & Gaming,,,,,
PARMESHWAR,Metals - Copper,,,,,
PURETROP,Agro Products,,,,,
ROXHITECH,IT Services & Consulting,,,,,
WAA,Renewable Energy,,,,,
BNRSEC,Investment Banking & Brokerage,,,,,
ALKALI,Commodity Chemicals,,,,,
SBVCL,Industrial Machinery,,,,,
DYNAVSN,Diversified Financials,,,,,
KEN,Textiles,,,,,
SHIVAM,Agricultural & Farm Machinery,,,,,
SUPTANERY,Textiles,,,,,
EVANS,Business Support Services,,,,,
GGENG,Auto Parts,,,,,
FCONSUMER,FMCG - Foods,,,,,
YUVRAAJHPL,FMCG - Household Products,,,,,
UNIAUTO,Auto Parts,,,,,
PARAMATRIX,IT Services & Consulting,,,,,
KFBL,Agro Products,,,,,
FONEBOX,Retail - Speciality,,,,,
GUJCONT,Packaging,,,,,
AJOONI,Pharmaceuticals,,,,,
LELAVOIR,Business Support Services,,,,,
VIRATCRA,Agro Products,,,,,
PULZ,Electronic Equipments,,,,,
FMNL,Real Estate,,,,,
GANVERSE,Plastic Products,,,,,
ARSSINFRA,Construction & Engineering,,,,,
HARSHILAGR,Agro Products,,,,,
FMEC,Consumer Finance,,,,,
COSPOWER,Electrical Components & Equipments,,,,,
ORIENTALTL,Cement,,,,,
RAYALEMA,"Hotels, Resorts & Cruise Lines",,,,,
LICNETFGSC,Debt,,,,,
IWARE,Logistics,,,,,
DHANSAFAL,Specialized Finance,,,,,
HMEML,Construction & Engineering,,,,,
CEREBRAINT,Technology Hardware,,,,,
SAGARSOFT,IT Services & Consulting,,,,,
ORCHASP,IT Services & Consulting,,,,,
SOURCENTRL,Pharmaceuticals,,,,,
ROYALCU,Building Products - Glass,,,,,
RAFL,Agro Products,,,,,
VLL,Diversified Financials,,,,,
ROCKINGDCE,Technology Hardware,,,,,
THREEMPAPE,Packaging,,,,,
LICMFGOLD,Gold,,,,,
ADVIKCA,Specialized Finance,,,,,
JAIPURKURT,Apparel & Accessories,,,,,
GARGFUR,Iron & Steel,,,,,
SANGANI,Hospitals & Diagnostic Centres,,,,,
AMBEY,Specialty Chemicals,,,,,
SAKTHIFIN,Consumer Finance,,,,,
SRIVASAVI,Specialty Chemicals,,,,,
TROM,Renewable Energy Equipment & Services,,,,,
HOMESFY,Real Estate,,,,,
SAUMYA,Diversified Financials,,,,,
BAWEJA,Movies & TV Serials,,,,,
TIHIL,Commodities Trading,,,,,
ASITCFIN,Diversified Financials,,,,,
WHITEFORCE,Employment Services,,,,,
MINALIND,"Precious Metals, Jewellery & Watches",,,,,
ACCEL,Movies & TV Serials,,,,,
MUKESHB,Diversified Financials,,,,,
VISHALBL,Industrial Machinery,,,,,
ROYALIND,Commodity Chemicals,,,,,
NRVANDANA,Textiles,,,,,
BODHTREE,IT Services & Consulting,,,,,
BRACEPORT,Logistics,,,,,
PARTYCRUS,"Hotels, Resorts & Cruise Lines",,,,,
REXPRO,Business Support Services,,,,,
POLYCHEM,Specialty Chemicals,,,,,
VEDAVAAG,Software Services,,,,,
ANSALBU,Real Estate,,,,,
RTL,Communication & Networking,,,,,
ADORMUL,FMCG - Personal Products,,,,,
ASHALOG,Logistics,,,,,
GATECH,Stock Exchanges & Ratings,,,,,
AEONXDIGI,IT Services & Consulting,,,,,
TIGLOB,Agro Products,,,,,
SILKY,,,,,,
VMS,Shipbuilding,,,,,
MASPTOP50,Equity,,,,,
RAMAVISION,FMCG - Personal Products,,,,,
STL,Logistics,,,,,
ONYX,Pharmaceuticals,,,,,
DECCANTRAN,Logistics,,,,,
DAIKAFFI,Specialty Chemicals,,,,,
ACHYUT,Pharmaceuticals,,,,,
VSFPROJ,Construction & Engineering,,,,,
RETINA,Specialty Chemicals,,,,,
VANDAN,Agro Products,,,,,
PRERINFRA,Real Estate,,,,,
WOL3D,Electronic Equipments,,,,,
NUTRICIRCLE,Paper Products,,,,,
APTPACK,Plastic Products,,,,,
OLATECH,Software Services,,,,,
ARABIAN,Commodity Chemicals,,,,,
DIVYADHAN,Textiles,,,,,
INDSWFTLTD,Pharmaceuticals,,,,,
WINSOMBR,Alcoholic Beverages,,,,,
GAYATRI,Sugar,,,,,
OMANSH,Textiles,,,,,
JUNGLECAMP,Tour & Travel Services,,,,,
TRESCON,Real Estate,,,,,
SKYLMILAR,Real Estate,,,,,
ALKOSIGN,Online Services,,,,,
MAKERSL,Pharmaceuticals,,,,,
MAFANG,Equity,,,,,
CELEBRITY,Apparel & Accessories,,,,,
CTE,IT Services & Consulting,,,,,
DAMODARIND,Textiles,,,,,
CLSL,Agro Products,,,,,
SAMPRE,FMCG - Foods,,,,,
VELS,Movies & TV Serials,,,,,
3PLAND,Real Estate,,,,,
ACKNIT,Apparel & Accessories,,,,,
AGRITECH,Agro Products,,,,,
PRANIK,Logistics,,,,,
CHOWGULSTM,Logistics,,,,,
ARISTO,Fertilizers & Agro Chemicals,,,,,
ARCHITORG,Commodity Chemicals,,,,,
SHALIWIR,Electrical Components & Equipments,,,,,
SKPSEC,Investment Banking & Brokerage,,,,,
CASPIAN,Business Support Services,,,,,
SYNOPTICS,IT Services & Consulting,,,,,
AHLADA,Home Furnishing,,,,,
ORIENTLTD,Packaging,,,,,
ABSLBANETF,Equity,,,,,
DEVLAB,Hospitals & Diagnostic Centres,,,,,
SSL,Specialized Finance,,,,,
NAGREEKEXP,Textiles,,,,,
LIQUIDIETF,Equity,,,,,
GROWINGTON,Agro Products,,,,,
EVERFIN,Specialized Finance,,,,,
PARASPETRO,Textiles,,,,,
SECURKLOUD,Software Services,,,,,
WSFX,Payment Infrastructure,,,,,
JAGSONFI,Investment Banking & Brokerage,,,,,
NILACHAL,Cement,,,,,
GSS,Software Services,,,,,
BIOGEN,Biotechnology,,,,,
AMEYA,Industrial Machinery,,,,,
ADTECH,Electronic Equipments,,,,,
GUJARATPOLY,Electronic Equipments,,,,,
ARCFIN,Investment Banking & Brokerage,,,,,
PSFL,Industrial Machinery,,,,,
SKYIND,Textiles,,,,,
ARISINT,IT Services & Consulting,,,,,
ATLASCYCLE,Cycles,,,,,
ASTALLTD,Pharmaceuticals,,,,,
APMIN,Textiles,,,,,
RELICAB,Cables,,,,,
ANSALHSG,Real Estate,,,,,
ADROITINFO,IT Services & Consulting,,,,,
BANASFN,Specialized Finance,,,,,
K2INFRA,Construction & Engineering,,,,,
SYLPH,IT Services & Consulting,,,,,
SUNLOC,Pharmaceuticals,,,,,
SUPERIRON,Dredging,,,,,
TITANSEC,Specialized Finance,,,,,
BVCL,Cement,,,,,
PALCO,Metals - Diversified,,,,,
RICHA,Academic & Educational Services,,,,,
TERAI,Tea & Coffee,,,,,
AIMCOPEST,Fertilizers & Agro Chemicals,,,,,
SFML,Business Support Services,,,,,
ZWELCAST,Metals - Diversified,,,,,
BOMBCYC,Conglomerates,,,,,
CREATIVE,Metals - Iron,,,,,
INDOBELL,Building Products - Others,,,,,
SHEKHAWATI,Textiles,,,,,
SOFTRAKV,Packaged Foods & Meats,,,,,
MYSORPETRO,Commodity Chemicals,,,,,
MENAMANI,Renewable Energy,,,,,
ASHNOOR,Textiles,,,,,
RESTILE,Building Products - Ceramics,,,,,
AMRAPLIN,Commodities Trading,,,,,
JAYANT,Construction & Engineering,,,,,
AKIKO,Investment Banking & Brokerage,,,,,
ROML,Packaged Foods & Meats,,,,,
KAIZENAGRO,Agro Products,,,,,
DUTRON,Building Products - Pipes,,,,,
DHATRE,"Precious Metals, Jewellery & Watches",,,,,
RUDRAGAS,Gas Distribution,,,,,
JAMSHRI,Real Estate,,,,,
KARMAENG,Renewable Energy,,,,,
KESARENT,Sugar,,,,,
SPL,Plastic Products,,,,,
TECHNICHEM,Specialty Chemicals,,,,,
DHANLAXMI,Seeds,,,,,
ANSALAPI,Real Estate,,,,,
MARCO,Cables,,,,,
VDEAL,Electrical Components & Equipments,,,,,
SANTETX,Building Products - Others,,,,,
COMFINCAP,Diversified Financials,,,,,
RSTL,Metals - Diversified,,,,,
NEXXUS,Commodity Chemicals,,,,,
SWASTIK,Iron & Steel,,,,,
PERFEPA,Packaging,,,,,
DHAMPURE,Agro Products,,,,,
BANARBEADS,Apparel & Accessories,,,,,
METSL,Electronic Equipments,,,,,
KEYCORP,Consumer Finance,,,,,
VERTEXPLUS,IT Services & Consulting,,,,,
EIKO,Specialty Chemicals,,,,,
BLBLIMITED,Investment Banking & Brokerage,,,,,
HRYNSHP,Commodities Trading,,,,,
BANG,Apparel & Accessories,,,,,
TRANSCOR,Consumer Finance,,,,,
MOM100,Equity,,,,,
CONART,Construction & Engineering,,,,,
MITTAL,Textiles,,,,,
BLUEPEBBLE,Construction & Engineering,,,,,
ONIXSOLAR,Renewable Energy,,,,,
NOIDATOLL,Roads,,,,,
MALPANI,Building Products - Others,,,,,
HIRAUTO,Four Wheelers,,,,,
JMJFIN,Education Services,,,,,
BANKA,Business Support Services,,,,,
CONSTRONIC,Construction & Engineering,,,,,
EASTWEST,Investment Banking & Brokerage,,,,,
RTFL,Diversified Financials,,,,,
VALINDIA,"Hotels, Resorts & Cruise Lines",,,,,
RAMINFO,Software Services,,,,,
PADAMCO,Textiles,,,,,
AGSTRA,Business Support Services,,,,,
HOVS,Outsourced services,,,,,
MEERA,Industrial Machinery,,,,,
CHRTEDCA,Investment Banking & Brokerage,,,,,
BIOFILCHEM,Pharmaceuticals,,,,,
ACML,Retail - Speciality,,,,,
RELIABLE,Outsourced services,,,,,
JOINDRE,Investment Banking & Brokerage,,,,,
ANJANIFOODS,Restaurants & Cafes,,,,,
GUJCRAFT,Plastic Products,,,,,
KEMISTAR,Commodity Chemicals,,,,,
TTC,Oil & Gas - Refining & Marketing,,,,,
RIDDHICORP,IT Services & Consulting,,,,,
CEETAIN,FMCG - Foods,,,,,
DANGEE,FMCG - Foods,,,,,
PSUBANK,Equity,,,,,
EROSMEDIA,Movies & TV Serials,,,,,
AMPVOLTS,Electronic Equipments,,,,,
CHROME,Metals - Diversified,,,,,
PORWAL,Auto Parts,,,,,
DHANCOT,Labs & Life Sciences Services,,,,,
RILINFRA,Construction & Engineering,,,,,
ACCPL,Pharmaceuticals,,,,,
RIBATEX,Textiles,,,,,
SERVICE,Employment Services,,,,,
PROMAX,Power Generation,,,,,
IVZINGOLD,Gold,,,,,
DIVINEHIRA,"Precious Metals, Jewellery & Watches",,,,,
SUMEETINDS,Textiles,,,,,
GRAPHISAD,Advertising,,,,,
SEVL,Three Wheelers,,,,,
SUPRATRE,Apparel & Accessories,,,,,
SHRISTI,Construction & Engineering,,,,,
ANJANI,Textiles,,,,,
LYKISLTD,FMCG - Personal Products,,,,,
KANDARP,Outsourced services,,,,,
WIREFABR,Industrial Machinery,,,,,
UNIQUEO,Packaged Foods & Meats,,,,,
TOYAMSL,Diversified Financials,,,,,
SATECH,IT Services & Consulting,,,,,
ASTRON,Paper Products,,,,,
MANGALCOMP,IT Services & Consulting,,,,,
ASCENSIVE,Education Services,,,,,
SHARIKA,Construction & Engineering,,,,,
SKIFL,Real Estate,,,,,
ARCHIES,Retail - Speciality,,,,,
TPINDIA,Packaging,,,,,
SRESTHA,Diversified Financials,,,,,
VIVOBIOT,Biotechnology,,,,,
RODIUM,Real Estate,,,,,
AGROPHOS,Fertilizers & Agro Chemicals,,,,,
DURLAX,Building Products - Ceramics,,,,,
RKDL,Alcoholic Beverages,,,,,
VISTARAMAR,Agro Products,,,,,
GUJCRED,Real Estate,,,,,
PRESSTONIC,Construction & Engineering,,,,,
DHANROTO,Textiles,,,,,
GVFILM,Movies & TV Serials,,,,,
BFSI,Equity,,,,,
NCLRESE,Diversified Financials,,,,,
FILTRA,Environmental Services,,,,,
SOLIMAC,Industrial Machinery,,,,,
SIMBHALS,Sugar,,,,,
PIONRINV,Investment Banking & Brokerage,,,,,
BALKRISHNA,Paper Products,,,,,
SAMINDUS,Real Estate,,,,,
BIRDYS,Restaurants & Cafes,,,,,
APOORVA,Specialized Finance,,,,,
DHRUVCA,Specialized Finance,,,,,
ELEMARB,Building Products - Granite,,,,,
MALUPAPER,Paper Products,,,,,
NUKLEUS,Business Support Services,,,,,
PHOENXINTL,Footwear,,,,,
VISTAPH,Pharmaceuticals,,,,,
RONI,Plastic Products,,,,,
FACORALL,Iron & Steel,,,,,
ABHAPOWER,Iron & Steel,,,,,
CADSYS,IT Services & Consulting,,,,,
SABOOSOD,Packaged Foods & Meats,,,,,
BSELALGO,Investment Banking & Brokerage,,,,,
MBECL,Construction & Engineering,,,,,
KRYPTONQ,Tires & Rubber,,,,,
IDENTIXWEB,Software Services,,,,,
SUDAI,Metals - Aluminium,,,,,
FOCUS,Business Support Services,,,,,
NOL,Commodity Chemicals,,,,,
DMR,Construction & Engineering,,,,,
MEGAFLEX,Packaging,,,,,
LEXUS,Building Products - Ceramics,,,,,
GEL,Paper Products,,,,,
SUGALDAM,Investment Banking & Brokerage,,,,,
GANGABATH,Building Products - Others,,,,,
PUNJCOMMU,Telecom Equipments,,,,,
SHHARICH,Specialty Chemicals,,,,,
PALREDTEC,IT Services & Consulting,,,,,
UNISON,Housewares,,,,,
SECL,Construction & Engineering,,,,,
SIEL,Packaging,,,,,
VLINFRA,Water Management,,,,,
MARKOBENZ,Agro Products,,,,,
QUICKTOUCH,Software Services,,,,,
UWCSL,Auto Parts,,,,,
VIVIDM,Commodities Trading,,,,,
3BFILMS,Plastic Products,,,,,
KORE,FMCG - Foods,,,,,
VSL,"Precious Metals, Jewellery & Watches",,,,,
IDEALTECHO,Packaging,,,,,
VIAZ,Tires & Rubber,,,,,
UNIVSTAR,Packaged Foods & Meats,,,,,
AASTAFIN,Specialized Finance,,,,,
DIVSHKT,Building Products - Granite,,,,,
NARMP,Agricultural & Farm Machinery,,,,,
WARRENTEA,Agro Products,,,,,
GOWRALE,Consumer Finance,,,,,
CEEJAY,Consumer Finance,,,,,
SAICAPI,Investment Banking & Brokerage,,,,,
AVSL,Specialty Chemicals,,,,,
CONTPTR,Commodity Chemicals,,,,,
GAYATRIBI,Specialty Chemicals,,,,,
GODAVARI,Pharmaceuticals,,,,,
NIBL,Industrial Machinery,,,,,
NARMADA,Agro Products,,,,,
MEFCOMCAP,Investment Banking & Brokerage,,,,,
SHIVAMILLS,Textiles,,,,,
HBSL,Investment Banking & Brokerage,,,,,
ELIXIR,Diversified Financials,,,,,
SWARNSAR,"Precious Metals, Jewellery & Watches",,,,,
AJRINFRA,Construction & Engineering,,,,,
CONCORD,Pharmaceuticals,,,,,
NEXOME,Investment Banking & Brokerage,,,,,
SHREYASI,Specialty Chemicals,,,,,
KIDUJA,Investment Banking & Brokerage,,,,,
SHANMUGA,Hospitals & Diagnostic Centres,,,,,
PREMIUM,Plastic Products,,,,,
VICTMILL,Real Estate,,,,,
MCON,Building Products - Others,,,,,
JSTL,Labs & Life Sciences Services,,,,,
COMRADE,Cables,,,,,
VRL,Pharmaceuticals,,,,,
LFIC,Diversified Financials,,,,,
AUROIMPEX,Metals - Diversified,,,,,
JETFREIGHT,Logistics,,,,,
INTRGLB,Investment Banking & Brokerage,,,,,
ARSHIYA,Logistics,,,,,
TEEAI,Fertilizers & Agro Chemicals,,,,,
ISLCONSUL,Investment Banking & Brokerage,,,,,
SKPMIL,Paper Products,,,,,
PROLIFE,Commodity Chemicals,,,,,
ICDSLTD,Diversified Financials,,,,,
PANTH,Commodities Trading,,,,,
SIMRAN,Packaged Foods & Meats,,,,,
INDRANIB,Software Services,,,,,
SRIKPRIND,Building Products - Pipes,,,,,
FLEXFO,Agro Products,,,,,
PRIMEPRO,Real Estate,,,,,
PARLEIND,Commodities Trading,,,,,
KAPILRAJ,Specialized Finance,,,,,
PFL,Construction & Engineering,,,,,
FYNX,Consumer Finance,,,,,
TITAANIUM,Textiles,,,,,
GOKAKTEX,Textiles,,,,,
SVCIND,Commodity Chemicals,,,,,
SEL,Renewable Energy Equipment & Services,,,,,
ZODJRDMKJ,"Precious Metals, Jewellery & Watches",,,,,
IRONWOOD,Education Services,,,,,
21STCENMGM,Investment Banking & Brokerage,,,,,
VINNY,Textiles,,,,,
JINDHOT,"Hotels, Resorts & Cruise Lines",,,,,
LRRPL,Tires & Rubber,,,,,
BAMPSL,Diversified Financials,,,,,
ALFATRAN,Heavy Electrical Equipments,,,,,
NHCFOODS,Packaged Foods & Meats,,,,,
LASA,Pharmaceuticals,,,,,
AUSL,Iron & Steel,,,,,
BABAFP,Agro Products,,,,,
KAMADGIRI,Textiles,,,,,
SHRINIWAS,Diversified Financials,,,,,
GOLDENTOBC,FMCG - Tobacco,,,,,
DPL,Pharmaceuticals,,,,,
RASIELEC,Agricultural & Farm Machinery,,,,,
MANUGRAPH,Industrial Machinery,,,,,
ARNOLD,Diversified Financials,,,,,
AJCON,Diversified Financials,,,,,
IDENTICAL,Animation,,,,,
SPRAYKING,Agricultural & Farm Machinery,,,,,
KEERTHI,Cement,,,,,
AROGRANITE,Building Products - Granite,,,,,
USGTECH,IT Services & Consulting,,,,,
PRABHHANS,Paper Products,,,,,
VISHWAS,Seeds,,,,,
UNILEX,Commodity Chemicals,,,,,
HARIGOV,Textiles,,,,,
ABMINTLLTD,Plastic Products,,,,,
DFPL,Building Products - Ceramics,,,,,
PRECISION,Metals - Aluminium,,,,,
MYMONEY,Investment Banking & Brokerage,,,,,
VRUDDHI,Construction & Engineering,,,,,
KHAITANLTD,Sugar,,,,,
AUTOPINS,Iron & Steel,,,,,
NATPLAS,Plastic Products,,,,,
DNAMEDIA,Publishing,,,,,
NETTLINX,IT Services & Consulting,,,,,
ANIRIT,Real Estate,,,,,
BMETRICS,Logistics,,,,,
REALECO,Real Estate,,,,,
POLYLINK,Commodity Chemicals,,,,,
RFL,Consumer Finance,,,,,
JFL,Packaged Foods & Meats,,,,,
KBSINDIA,Investment Banking & Brokerage,,,,,
CRANEX,Industrial Machinery,,,,,
UCL,Specialty Chemicals,,,,,
SPECFOOD,Packaged Foods & Meats,,,,,
BDR,Real Estate,,,,,
GARMNTMNTR,Textiles,,,,,
MEAPL,Agro Products,,,,,
AJCJEWEL,"Precious Metals, Jewellery & Watches",,,,,
GODHA,Cables,,,,,
SAVFI,Diversified Financials,,,,,
ANVRDHI,Agro Products,,,,,
SILVOAK,Alcoholic Beverages,,,,,
RULKA,Heavy Electrical Equipments,,,,,
HILIKS,IT Services & Consulting,,,,,
SAMBANDAM,Textiles,,,,,
ECOBOAR,Building Products - Laminates,,,,,
ALAN SCOTT,Movies & TV Serials,,,,,
LCCINFOTEC,IT Services & Consulting,,,,,
INDXTRA,Commodities Trading,,,,,
CSURGSU,Health Care Equipment & Supplies,,,,,
JAGANLAM,Auto Parts,,,,,
NAGTECH,Agro Products,,,,,
GROVY,Real Estate,,,,,
TRAVELS,Tour & Travel Services,,,,,
RASANDIK,Auto Parts,,,,,
BURNPUR,Cement,,,,,
GINISILK,Textiles,,,,,
BONLON,Metals - Copper,,,,,
CCLINTER,Construction & Engineering,,,,,
BETXIND,Textiles,,,,,
FUTSOL,Diversified Financials,,,,,
PCS,IT Services & Consulting,,,,,
SATCH,Restaurants & Cafes,,,,,
SIMPLXREA,Real Estate,,,,,
JAIHINDS,Textiles,,,,,
BHASKAGR,Specialty Chemicals,,,,,
LADDERUP,Investment Banking & Brokerage,,,,,
PHCAP,Investment Banking & Brokerage,,,,,
SUPERSPIN,Textiles,,,,,
OCEANIC,Agro Products,,,,,
RATHIBAR,Iron & Steel,,,,,
HBEL,Education Services,,,,,
KALANA,Iron & Steel,,,,,
HRHNEXT,Business Support Services,,,,,
LEENEE,IT Services & Consulting,,,,,
AXISTECETF,Equity,,,,,
MEDICAPQ,Pharmaceuticals,,,,,
SACHEMT,Housewares,,,,,
SIGNORIA,Apparel & Accessories,,,,,
SEYAIND,Specialty Chemicals,,,,,
YASHCHEM,Commodities Trading,,,,,
AUTOINT,Tour & Travel Services,,,,,
ROLCOEN,Industrial Machinery,,,,,
CRANESSOFT,Software Services,,,,,
PPSL,Animation,,,,,
ADMANUM,Specialized Finance,,,,,
SMFIL,Iron & Steel,,,,,
SITAENT,Diversified Financials,,,,,
TARAPUR,Heavy Electrical Equipments,,,,,
NOVIS,Iron & Steel,,,,,
ASPIRA,Hospitals & Diagnostic Centres,,,,,
GSTL,IT Services & Consulting,,,,,
DILIGENT,Packaged Foods & Meats,,,,,
MEGACOR,Diversified Financials,,,,,
SENSEXIETF,Equity,,,,,
PANINDIAC,Diversified Financials,,,,,
MASKINVEST,Investment Banking & Brokerage,,,,,
DHANFAB,Textiles,,,,,
SAGARDEEP,Metals - Diversified,,,,,
COUNCODOS,Real Estate,,,,,
STDSFAC,FMCG - Household Products,,,,,
AREXMIS,Textiles,,,,,
SUCROSA,Commodity Chemicals,,,,,
KALYANCAP,Consumer Finance,,,,,
KWALITY,FMCG - Foods,,,,,
PHOSPHATE,Fertilizers & Agro Chemicals,,,,,
RRFIN,Investment Banking & Brokerage,,,,,
METALCO,Iron & Steel,,,,,
ARTEFACT,Construction & Engineering,,,,,
PACE,Retail - Online,,,,,
MADHUCON,Construction & Engineering,,,,,
RCDL,Commodity Chemicals,,,,,
ITALIANE,Packaged Foods & Meats,,,,,
CITADEL,Real Estate,,,,,
DECCAN,FMCG - Personal Products,,,,,
GARNET,Real Estate,,,,,
INNOVTEC,Packaging,,,,,
MORARKFI,Specialized Finance,,,,,
DUGARHOU,Construction & Engineering,,,,,
PRATIK,Commodities Trading,,,,,
CAPFIN,Diversified Financials,,,,,
MARCLOIRE,,,,,,
ICON,,,,,,
INDIAHOME,Home Financing,,,,,
CRSTCHM,Specialty Chemicals,,,,,
MMRUBBR-B,Home Furnishing,,,,,
SWASTIVI,Apparel & Accessories,,,,,
SHELTER,Pharmaceuticals,,,,,
SALEM,Investment Banking & Brokerage,,,,,
TRANSCHEM,Pharmaceuticals,,,,,
NEELAM,Apparel & Accessories,,,,,
ASLIND,Industrial Machinery,,,,,
SAMAY,Construction & Engineering,,,,,
AGNI,Renewable Energy,,,,,
AUSTENG,Industrial Machinery,,,,,
BLUECOAST,"Hotels, Resorts & Cruise Lines",,,,,
NGIND,Hospitals & Diagnostic Centres,,,,,
MODIPON,Real Estate,,,,,
NOVELIX,Pharmaceuticals,,,,,
KEEPLEARN,Publishing,,,,,
GANGAFORGE,Iron & Steel,,,,,
JFLLIFE,Pharmaceuticals,,,,,
GSAUTO,Auto Parts,,,,,
ADL,Wood Products,,,,,
SHREENATH,Paper Products,,,,,
ABRFL,FMCG - Foods,,,,,
NVENTURES,"Precious Metals, Jewellery & Watches",,,,,
LORDSMARK,Power Trading & Consultancy,,,,,
DKEGL,Packaging,,,,,
RITHWIKFMS,Business Support Services,,,,,
PBMPOLY,Textiles,,,,,
PEARLPOLY,Plastic Products,,,,,
VRWODAR,Wood Products,,,,,
SUMEDHA,Investment Banking & Brokerage,,,,,
HAWAENG,Industrial Machinery,,,,,
PENTAGON,Auto Parts,,,,,
TIRSARJ,Real Estate,,,,,
MONOT,Diversified Financials,,,,,
RANJEET,Business Support Services,,,,,
NMSTEEL,Building Products - Others,,,,,
MILTON,Wood Products,,,,,
UTTAMSTL,Iron & Steel,,,,,
AMBICAAGAR,Specialty Chemicals,,,,,
TCFCFINQ,Investment Banking & Brokerage,,,,,
KONTOR,Business Support Services,,,,,
JIGAR,Cables,,,,,
COTFAB,Textiles,,,,,
CHOTHANI,Agro Products,,,,,
GOGIACAPGL,Diversified Financials,,,,,
GTNINDS,Textiles,,,,,
CDG,Plastic Products,,,,,
JUPITERIN,Publishing,,,,,
HARDCAS,Commodity Chemicals,,,,,
CHAMUNDA,Power Generation,,,,,
LAXMICOT,Textiles,,,,,
7TEC,IT Services & Consulting,,,,,
NGIL,Packaged Foods & Meats,,,,,
JETKNIT,Apparel & Accessories,,,,,
MOHITE,Textiles,,,,,
ARUNAYA,Specialty Chemicals,,,,,
SHALPRO,Movies & TV Serials,,,,,
PHOGLOBAL,Agro Products,,,,,
INLANPR,Online Services,,,,,
SKIL,Construction & Engineering,,,,,
GITARENEW,Renewable Energy,,,,,
SANDUPHQ,FMCG - Personal Products,,,,,
KABRADG,Pharmaceuticals,,,,,
JOHNPHARMA,Pharmaceuticals,,,,,
ANUPAM,Consumer Finance,,,,,
ORIBEVER,Soft Drinks,,,,,
AMKAY,Health Care Equipment & Supplies,,,,,
DEEM,Iron & Steel,,,,,
DUROPACK,Packaging,,,,,
HYBRIDFIN,Business Support Services,,,,,
CSL,Investment Banking & Brokerage,,,,,
AKASH,Construction & Engineering,,,,,
REXSEAL,Specialty Chemicals,,,,,
LADDU,Real Estate,,,,,
ROOPAIND,Specialty Chemicals,,,,,
RAPICUT,Industrial Machinery,,,,,
MANOJJEWEL,Retail - Speciality,,,,,
SJCORP,"Precious Metals, Jewellery & Watches",,,,,
PNC,Movies & TV Serials,,,,,
ABCINDQ,Logistics,,,,,
MEDIORG,Pharmaceuticals,,,,,
KGVL,Food Distributors,,,,,
BABA,Movies & TV Serials,,,,,
NORBTEAEXP,Tea & Coffee,,,,,
SPARKLEGR,Mining - Diversified,,,,,
WESTLEIRES,Diversified Financials,,,,,
WEWIN,Outsourced services,,,,,
TATIAGLOB,Textiles,,,,,
ERPSOFT,Software Services,,,,,
SHREE,Building Products - Pipes,,,,,
ELFORGE,Iron & Steel,,,,,
CHENFERRO,Iron & Steel,,,,,
KJMCFIN,Specialized Finance,,,,,
TITANIN,Restaurants & Cafes,,,,,
ASPIRE,Home Electronics & Appliances,,,,,
PHARMABEES,Equity,,,,,
INDUSFINL,Consumer Finance,,,,,
MRCAGRO,Commodities Trading,,,,,
BANDARAM,Paper Products,,,,,
OSWALOR,Sugar,,,,,
HCKKVENTURE,Real Estate,,,,,
AMTL,Electrical Components & Equipments,,,,,
MOHITPPR,Paper Products,,,,,
7NR,Apparel & Accessories,,,,,
MOHITIND,Textiles,,,,,
SAINIK,Specialized Finance,,,,,
CONTILI,Packaged Foods & Meats,,,,,
WALCHPF,Education Services,,,,,
ZODIACVEN,Real Estate,,,,,
DIANATEA,Tea & Coffee,,,,,
GBLOGISTIC,Logistics,,,,,
ANGEL,Textiles,,,,,
BULKCORP,Packaging,,,,,
PRESSURS,Electrical Components & Equipments,,,,,
CIL,Online Services,,,,,
KATRSPG,Textiles,,,,,
AKSHAR,Textiles,,,,,
ACROW,Industrial Machinery,,,,,
AATMAJ,Hospitals & Diagnostic Centres,,,,,
SHASHIJIT,Construction & Engineering,,,,,
KGDENIM,Textiles,,,,,
AIKPIPES,Building Products - Pipes,,,,,
TELOGICA,Communication & Networking,,,,,
TIMESCAN,Logistics,,,,,
WALPAR,Packaged Foods & Meats,,,,,
CBPL,Pharmaceuticals,,,,,
SITINET,Cable & D2H,,,,,
TRUSTEDGE,Specialized Finance,,,,,
ASHOKAMET,Commodities Trading,,,,,
INTEGRITY,Construction & Engineering,,,,,
INTEGSW,Electrical Components & Equipments,,,,,
SURYAAMBA,Textiles,,,,,
PARAMOUNT,Textiles,,,,,
EPIC,Electrical Components & Equipments,,,,,
CHALLANI,Specialized Finance,,,,,
HEMACEM,Cement,,,,,
NEXTMEDIA,Radio,,,,,
INCAP,Electronic Equipments,,,,,
HPCOTTON,Textiles,,,,,
ANG,Pharmaceuticals,,,,,
SPACAPS,Diversified Financials,,,,,
GOTHIPL,Real Estate,,,,,
SILVERBEES,Equity,,,,,
SGL,Textiles,,,,,
MONOPHARMA,Retail - Speciality,,,,,
INLCM,Commodities Trading,,,,,
NETLINK,IT Services & Consulting,,,,,
TIRUFOAM,Home Furnishing,,,,,
ATENPAPERS,Paper Products,,,,,
THINKINK,Animation,,,,,
ROLLT,Packaging,,,,,
SRMCL,Textiles,,,,,
SATIPOLY,Packaging,,,,,
SPINAROO,Packaging,,,,,
AKG,Commodities Trading,,,,,
RADIOWALLA,Radio,,,,,
OASISEC,Diversified Financials,,,,,
HINDALUMI,Metals - Aluminium,,,,,
KANANIIND,"Precious Metals, Jewellery & Watches",,,,,
ASSOCER,Building Products - Others,,,,,
RISHITECH,Textiles,,,,,
MISHKA,Commodities Trading,,,,,
RALEGRA,Building Products - Granite,,,,,
TRIDHYA,IT Services & Consulting,,,,,
KENVI,"Precious Metals, Jewellery & Watches",,,,,
PRIMEURB,Textiles,,,,,
NV20BEES,Equity,,,,,
SOUTHMG,Mining - Manganese,,,,,
KMSMEDI,Health Care Equipment & Supplies,,,,,
VEERHEALTH,Pharmaceuticals,,,,,
SAI,"Precious Metals, Jewellery & Watches",,,,,
AILIMITED,Construction & Engineering,,,,,
FORINTL,Conglomerates,,,,,
KRIDHANINF,Iron & Steel,,,,,
MKPMOB,Auto Parts,,,,,
NACDAC,Construction & Engineering,,,,,
FEL,Conglomerates,,,,,
SRICC,Cement,,,,,
FLFL,Retail - Apparel,,,,,
SMARTFIN,Specialized Finance,,,,,
LAKHOTIA,Textiles,,,,,
VSCL,Specialty Chemicals,,,,,
NAM,Investment Banking & Brokerage,,,,,
CHOKSI,Health Care Equipment & Supplies,,,,,
KREONFIN,Consumer Finance,,,,,
TAVERNIER,"Precious Metals, Jewellery & Watches",,,,,
ASHSI,Specialized Finance,,,,,
MADHAV,Building Products - Granite,,,,,
ENVAIREL,Industrial Machinery,,,,,
LEX,IT Services & Consulting,,,,,
GAYAHWS,Construction & Engineering,,,,,
SVPGLOB,Textiles,,,,,
SMAUTO,Auto Parts,,,,,
KAPILCO,Textiles,,,,,
CAMEXLTD,Specialty Chemicals,,,,,
MEDINOV,Hospitals & Diagnostic Centres,,,,,
HIGHSTREE,Textiles,,,,,
MACH,"Hotels, Resorts & Cruise Lines",,,,,
FIVECORE,Electronic Equipments,,,,,
NKIND,Packaged Foods & Meats,,,,,
CARGOTRANS,Logistics,,,,,
GGDPROP,Industrial Machinery,,,,,
DANUBE,Paper Products,,,,,
TYROON,Agro Products,,,,,
MIEL,Construction & Engineering,,,,,
CONTAINER,Logistics,,,,,
KKVAPOW,Renewable Energy,,,,,
INDBNK,Consumer Finance,,,,,
SUPREMEENG,Iron & Steel,,,,,
SHIVAAGRO,Fertilizers & Agro Chemicals,,,,,
ARMAN,Diversified Financials,,,,,
SMTEL,Industrial Machinery,,,,,
UTIBANKETF,Equity,,,,,
TEJNAKSH,Hospitals & Diagnostic Centres,,,,,
POONADAL,Agro Products,,,,,
INFONATIVE,Education Services,,,,,
CONTI,Seeds,,,,,
CHANDRAP,Commodities Trading,,,,,
SWOJAS,Agro Products,,,,,
ACCEDERE,IT Services & Consulting,,,,,
KASHYAP,Software Services,,,,,
LAMOSAIC,Building Products - Laminates,,,,,
DYNAMICP,Investment Banking & Brokerage,,,,,
BILVYAPAR,Conglomerates,,,,,
GKB,Health Care Equipment & Supplies,,,,,
MUKANDENGG,Construction & Engineering,,,,,
ROOPSHRI,"Hotels, Resorts & Cruise Lines",,,,,
MAKEINDIA,Equity,,,,,
TAPARIA,Industrial Machinery,,,,,
GLANCE,Investment Banking & Brokerage,,,,,
MIL,Pharmaceuticals,,,,,
MIDCAPETF,Equity,,,,,
ROLTA,IT Services & Consulting,,,,,
MARGOFIN,Diversified Financials,,,,,
UNICK,Packaging,,,,,
SALORAINTL,Home Electronics & Appliances,,,,,
ALFAICA,Home Furnishing,,,,,
HILLTONE,Industrial Machinery,,,,,
RAVALSUGAR,Agro Products,,,,,
RELICTEC,Diversified Financials,,,,,
INDCEMCAP,Tour & Travel Services,,,,,
BOHRAIND,Fertilizers & Agro Chemicals,,,,,
GUJTERC,Pharmaceuticals,,,,,
SHREESHAY,Real Estate,,,,,
MISQUITA,Industrial Machinery,,,,,
KCLINFRA,Construction & Engineering,,,,,
TRABI,Biotechnology,,,,,
GUJPETR,Specialty Chemicals,,,,,
GORANIN,Home Electronics & Appliances,,,,,
ORIENTTR,Movies & TV Serials,,,,,
PICTUREHS,Movies & TV Serials,,,,,
WILLAMAGOR,Specialized Finance,,,,,
AXISNIFTY,Equity,,,,,
SARTHAKIND,Commodities Trading,,,,,
LESHAIND,Commodities Trading,,,,,
GALACTICO,Diversified Financials,,,,,
KABSON,Gas Distribution,,,,,
KHANDSE,Investment Banking & Brokerage,,,,,
BERVINL,Diversified Financials,,,,,
MARBU,Real Estate,,,,,
VIVANTA,Pharmaceuticals,,,,,
SYNTHFO,Metals - Aluminium,,,,,
AXELPOLY,Commodity Chemicals,,,,,
SISL,Construction & Engineering,,,,,
KACL,Packaging,,,,,
NIRMITEE,Education Services,,,,,
AUTOBEES,Equity,,,,,
TRIUMPIN,Investment Banking & Brokerage,,,,,
AMCOIND,Plastic Products,,,,,
NIVAKA,Apparel & Accessories,,,,,
EQUILATERA,"Precious Metals, Jewellery & Watches",,,,,
EIGHTY,"Precious Metals, Jewellery & Watches",,,,,
MPDL,Real Estate,,,,,
QRIL,Specialized Finance,,,,,
INFOMEDIA,Publishing,,,,,
LIBAS,Apparel & Accessories,,,,,
NLFL,Consumer Finance,,,,,
NIRAJISPAT,Textiles,,,,,
HINDUST,Seeds,,,,,
THESL,Advertising,,,,,
VILINBIO,Pharmaceuticals,,,,,
B2BSOFT,Software Services,,,,,
INANI,Building Products - Granite,,,,,
BOMTALKIES,Movies & TV Serials,,,,,
POLYSPIN,Packaging,,,,,
GOEL,"Hotels, Resorts & Cruise Lines",,,,,
SVARTCORP,Real Estate,,,,,
CELLPOINT,Retail - Speciality,,,,,
SHRENIK,Paper Products,,,,,
SULABEN,Specialized Finance,,,,,
INDIANVSH,Diversified Financials,,,,,
KANCOTEA,Agro Products,,,,,
LIQUIDETF,Debt,,,,,
SHAIVAL,Real Estate,,,,,
TAPIFRUIT,Packaged Foods & Meats,,,,,
SRUSTEELS,Iron & Steel,,,,,
TGBHOTELS,"Hotels, Resorts & Cruise Lines",,,,,
JAKHARIA,Textiles,,,,,
BRIDGESE,Investment Banking & Brokerage,,,,,
SHUBHAM,Textiles,,,,,
YUDIZ,IT Services & Consulting,,,,,
ASHCAP,Diversified Financials,,,,,
GUJHYSPIN,Textiles,,,,,
LAKESHORE,Real Estate,,,,,
SUJALA,Diversified Financials,,,,,
MTPL,Diversified Financials,,,,,
INNOVATIVE,Technology Hardware,,,,,
ADITYASP,Textiles,,,,,
MAYUKH,Building Products - Others,,,,,
VAMA,Technology Hardware,,,,,
GENUSPRIME,Real Estate,,,,,
ROSEMER,Commodities Trading,,,,,
AGARWALFT,Commodity Chemicals,,,,,
GUJINJEC,Diversified Chemicals,,,,,
PARABDRUGS,Pharmaceuticals,,,,,
MICROPRO,IT Services & Consulting,,,,,
BHANDERI,Real Estate,,,,,
DIL,Agricultural & Farm Machinery,,,,,
SWATIPRO,Specialized Finance,,,,,
MINDPOOL,Outsourced services,,,,,
HARLETH,Specialty Chemicals,,,,,
KHOOBSURAT,Investment Banking & Brokerage,,,,,
PATSPINLTD,Textiles,,,,,
NAGREEKCAP,Asset Management,,,,,
STANROS,Asset Management,,,,,
BALTE,Logistics,,,,,
VIJIFIN,Specialized Finance,,,,,
DECOMIC,Building Products - Laminates,,,,,
VERA,Textiles,,,,,
VIKRAMAR,Specialty Chemicals,,,,,
HAVISHA,Oil & Gas - Storage & Transportation,,,,,
QGO,Consumer Finance,,,,,
BCP,Cables,,,,,
RETAGGIO,"Precious Metals, Jewellery & Watches",,,,,
ACCELERATE,Software Services,,,,,
ASHNI,Iron & Steel,,,,,
SONALIS,FMCG - Foods,,,,,
VERTEX,Investment Banking & Brokerage,,,,,
SONALAD,Specialty Chemicals,,,,,
POLYCHMP,Industrial Machinery,,,,,
PODDARHOUS,Real Estate,,,,,
SHREEGANES,Agro Products,,,,,
SPENTA,Apparel & Accessories,,,,,
MEGRISOFT,IT Services & Consulting,,,,,
MADHUSE,Investment Banking & Brokerage,,,,,
PANJON,Pharmaceuticals,,,,,
DYNAMIND,Specialty Chemicals,,,,,
SUNILTX,Textiles,,,,,
BOMBWIR,Iron & Steel,,,,,
RELIABVEN,"Hotels, Resorts & Cruise Lines",,,,,
PREMCAP,Business Support Services,,,,,
PCL,Agro Products,,,,,
BJDUP,Paper Products,,,,,
YUG,Specialty Chemicals,,,,,
ROSELABS,Diversified Financials,,,,,
JULIEN,Agro Products,,,,,
ARUNAHTEL,"Hotels, Resorts & Cruise Lines",,,,,
CHORDIA,Packaged Foods & Meats,,,,,
SHREEPAC,Health Care Equipment & Supplies,,,,,
INVIGO,Business Support Services,,,,,
RITESHIN,Commodity Chemicals,,,,,
STDBAT,Diversified Financials,,,,,
GARDENSILK,Textiles,,,,,
EQUAL50ADD,Equity,,,,,
EARTH,Steel,,,,,
SBIETFQLTY,Equity,,,,,
MARIS,Textiles,,,,,
TREEHOUSE,Education Services,,,,,
PRISMX,Commodities Trading,,,,,
MOM50,Equity,,,,,
INFORTEC,Data Processing & Outsourced Services,,,,,
HINDMILL,Textiles,,,,,
PRADHIN,Agro Products,,,,,
COVANCE,IT Services & Consulting,,,,,
URSUGAR,Trading Companies & Distributors,,,,,
QVCEL,Mining - Manganese,,,,,
KAYPOWR,Paper Products,,,,,
MPILCORPL,Business Support Services,,,,,
TVVISION,TV Channels & Broadcasters,,,,,
GILT5YBEES,Debt,,,,,
TRILIANCE,Plastic Products,,,,,
BLUECHIPT,Textiles,,,,,
IITLPROJ,Real Estate,,,,,
ASIANTNE,Agro Products,,,,,
FRONTCAP,Diversified Financials,,,,,
KAUSHALYA,Construction & Engineering,,,,,
SHOORA,Textiles,,,,,
RAMSONS,Diversified Financials,,,,,
MEP,Roads,,,,,
CCAL,Building Products - Granite,,,,,
AHASOLAR,Renewable Energy,,,,,
PURSHOTTAM,Specialized Finance,,,,,
COMMAND,Plastic Products,,,,,
TCMLMTD,Commodity Chemicals,,,,,
SHRAJSYNQ,Textiles,,,,,
SWADEIN,Plastic Products,,,,,
HEMANG,Commodities Trading,,,,,
FINELINE,Electronic Equipments,,,,,
PGCRL,Agro Products,,,,,
WINROC,Diversified Financials,,,,,
ASRL,FMCG - Personal Products,,,,,
CELLA,Logistics,,,,,
MAHACORP,Textiles,,,,,
GENESIS,Biotechnology,,,,,
NATURAL,Agro Products,,,,,
MEDIAONE,Movies & TV Serials,,,,,
SARUPINDUS,Footwear,,,,,
SBECSYS,IT Services & Consulting,,,,,
PASUSPG,Textiles,,,,,
LWSKNIT,Textiles,,,,,
CASTEXTECH,Auto Parts,,,,,
NTL,Power Infrastructure,,,,,
MOXSH,Academic & Educational Services,,,,,
AGUL,Iron & Steel,,,,,
NOVATEOR,FMCG - Personal Products,,,,,
VISAGAR,Diversified Financials,,,,,
NDASEC,Investment Banking & Brokerage,,,,,
JINDCAP,Diversified Financials,,,,,
VIKASWSP,Agro Products,,,,,
GFSTEELS,Iron & Steel,,,,,
TECH,Equity,,,,,
RRMETAL,Commodities Trading,,,,,
LIBORDFIN,Diversified Financials,,,,,
NIRAVCOM,Building Products - Others,,,,,
INDCTST,Metals - Diversified,,,,,
COCHMAL,Agro Products,,,,,
VINEETLAB,Specialty Chemicals,,,,,
GETALONG,Business Support Services,,,,,
FAALCON,Construction & Engineering,,,,,
PWASML,Textiles,,,,,
JAYKAILASH,Wood Products,,,,,
TECILCHEM,Commodity Chemicals,,,,,
INTECCAP,Specialized Finance,,,,,
MIDSELIETF,Equity,,,,,
KSHITIJPOL,Stationery,,,,,
KKSHL,Hospitals & Diagnostic Centres,,,,,
INDONG,Tea & Coffee,,,,,
SPCAPIT,Diversified Financials,,,,,
ENBETRD,Specialized Finance,,,,,
LERTHAI,Diversified Financials,,,,,
KAMANWALA,Real Estate,,,,,
ARIGATO,Construction & Engineering,,,,,
SANBLUE,Commodities Trading,,,,,
VAPIENTER,Paper Products,,,,,
POOJA,Metals - Diversified,,,,,
VINYOFL,Plastic Products,,,,,
GOENKA,"Precious Metals, Jewellery & Watches",,,,,
JAINEX,Industrial Machinery,,,,,
ZENIFIB,Textiles,,,,,
AJWAFUN,Theme Parks & Gaming,,,,,
RESPONSINF,Software Services,,,,,
PVVINFRA,Construction & Engineering,,,,,
MUNOTHFI,Investment Banking & Brokerage,,,,,
NATGENI,Iron & Steel,,,,,
ARYAVAN,Pharmaceuticals,,,,,
MANRAJH,Real Estate,,,,,
POPULARES,Real Estate,,,,,
MFML,Textiles,,,,,
SETF10GILT,Debt,,,,,
PAOS,FMCG - Household Products,,,,,
BENARA,Auto Parts,,,,,
NIDAN,Hospitals & Diagnostic Centres,,,,,
WINNY,Academic & Educational Services,,,,,
SINNAR,FMCG - Tobacco,,,,,
ESARIND,Diversified Financials,,,,,
COLORCHIPS,Movies & TV Serials,,,,,
CONTAINE,Auto Parts,,,,,
SAWACA,Commodities Trading,,,,,
HINFLUR,Commodity Chemicals,,,,,
RISHYRN,Textiles,,,,,
KJMCCORP,Investment Banking & Brokerage,,,,,
NARPROP,Real Estate,,,,,
PULSRIN,Asset Management,,,,,
MANDEEP,Auto Parts,,,,,
IT,Equity,,,,,
BLUECHIP,Asset Management,,,,,
JONJUA,Conglomerates,,,,,
SUNILAGR,FMCG - Foods,,,,,
INDAGIV,Technology Hardware,,,,,
DRA,Business Support Services,,,,,
ANKITMETAL,Iron & Steel,,,,,
PNTKYOR,Commodities Trading,,,,,
COMCL,Commodities Trading,,,,,
STARCOM,Software Services,,,,,
SAHARAHOUS,Home Financing,,,,,
SCARNOSE,Textiles,,,,,
IECEDU,Education Services,,,,,
VJLAXMIE,Textiles,,,,,
SAMSRITA,Biotechnology,,,,,
ALFAVIO,Agro Products,,,,,
ADARSHPL,Agricultural & Farm Machinery,,,,,
SSPDL,Real Estate,,,,,
ACFL,Consumer Finance,,,,,
AXISHCETF,Equity,,,,,
HDFCNIFIT,Equity,,,,,
QUADRANT,Telecom Services,,,,,
SANGINITA,Commodity Chemicals,,,,,
VENLONENT,Commodity Chemicals,,,,,
RETAIL,Retail - Department Stores,,,,,
SPPPOLY,Packaging,,,,,
BGJL,"Precious Metals, Jewellery & Watches",,,,,
GLOBALCA,Diversified Financials,,,,,
RAPID,Logistics,,,,,
VPL,Environmental Services,,,,,
MHEL,Industrial Machinery,,,,,
VEERENRGY,Renewable Energy,,,,,
ACEINTEG,Education Services,,,,,
KACHCHH,Mining - Diversified,,,,,
SANWARIA,FMCG - Foods,,,,,
SHANGAR,Home Furnishing,,,,,
SPRL,Cement,,,,,
PIOTEX,Textiles,,,,,
PECOS,Restaurants & Cafes,,,,,
MDRNSTL,Iron & Steel,,,,,
CMRSL,IT Services & Consulting,,,,,
SHVFL,Diversified Financials,,,,,
PALMJEWELS,"Precious Metals, Jewellery & Watches",,,,,
INFRONICS,IT Services & Consulting,,,,,
KMGMILK,FMCG - Foods,,,,,
ADESHWAR,Health Care Equipment & Supplies,,,,,
OMKARPH,Commodity Chemicals,,,,,
CINDHO,"Hotels, Resorts & Cruise Lines",,,,,
MANSIFIN,Specialized Finance,,,,,
YASHINNO,Construction & Engineering,,,,,
UTIQUE,Commodities Trading,,,,,
RAJKSYN,Textiles,,,,,
CRYSTAL,Telecom Services,,,,,
EPUJA,Online Services,,,,,
BIKEWO,Four Wheelers,,,,,
TECHNOPACK,Packaging,,,,,
KISAAN,Agro Products,,,,,
INSPIRE,Movies & TV Serials,,,,,
GLITTEKG,Building Products - Granite,,,,,
SHARMEH,Hospitals & Diagnostic Centres,,,,,
UMIYA,Iron & Steel,,,,,
ADINATH,Textiles,,,,,
MPTODAY,Publishing,,,,,
PARAGONF,Consumer Finance,,,,,
CYBERMEDIA,Publishing,,,,,
SHAHISHIP,Logistics,,,,,
PSPL,Logistics,,,,,
KARTKIN,Diversified Financials,,,,,
SRPL,Agro Products,,,,,
KALLAM,Textiles,,,,,
GREENCREST,Diversified Financials,,,,,
CMMHOSP,Hospitals & Diagnostic Centres,,,,,
POPEES,Apparel & Accessories,,,,,
GEMSPIN,Textiles,,,,,
HIPOLIN,FMCG - Household Products,,,,,
TTIENT,Diversified Financials,,,,,
DAL,Diversified Financials,,,,,
SANPA,Paper Products,,,,,
GLHRL,Hospitals & Diagnostic Centres,,,,,
KEL,Industrial Machinery,,,,,
TGIF,Agro Products,,,,,
SETFNN50,Equity,,,,,
MACIND,Commodity Chemicals,,,,,
GTECJAINX,Education Services,,,,,
IBINFO,IT Services & Consulting,,,,,
RFSL,Investment Banking & Brokerage,,,,,
IMEC,Business Support Services,,,,,
MORARJEE,Textiles,,,,,
BESTEAST,"Hotels, Resorts & Cruise Lines",,,,,
RAUNAQ,Construction & Engineering,,,,,
LAFFANSQ,Commodity Chemicals,,,,,
HEALTHY,Equity,,,,,
CMBL,Investment Banking & Brokerage,,,,,
TTIL,Tires & Rubber,,,,,
MUDUNURU,IT Services & Consulting,,,,,
GAJANAND,Textiles,,,,,
RAGHUTOB,Real Estate,,,,,
SCTL,Commodities Trading,,,,,
PRIMAIN,FMCG - Foods,,,,,
PHRMASI,Pharmaceuticals,,,,,
SANGHVIFOR,Iron & Steel,,,,,
RSCINT,Textiles,,,,,
VIVIDHA,Textiles,,,,,
QUASAR,Commodities Trading,,,,,
SML,Hospitals & Diagnostic Centres,,,,,
EASYFIN,Consumer Finance,,,,,
AMALGAM,Electrical Components & Equipments,,,,,
SUBSM,Textiles,,,,,
GOBLIN,Retail - Speciality,,,,,
ABHIFIN,Consumer Finance,,,,,
OLYMPTX,Business Support Services,,,,,
YCCL,Specialty Chemicals,,,,,
SHIVAEXPO,Building Products - Granite,,,,,
RGRL,Agricultural & Farm Machinery,,,,,
PARSHWANA,Real Estate,,,,,
JAYCH,Commodity Chemicals,,,,,
SHREESEC,Diversified Financials,,,,,
RFLL,Specialized Finance,,,,,
YAANENT,Tour & Travel Services,,,,,
ICL,Textiles,,,,,
ABIRAFN,Diversified Financials,,,,,
STELLANT,Investment Banking & Brokerage,,,,,
MNIL,Cement,,,,,
SRDAPRT,Packaged Foods & Meats,,,,,
SBFL,Textiles,,,,,
FAMILYCARE,Hospitals & Diagnostic Centres,,,,,
HOWARHO,"Hotels, Resorts & Cruise Lines",,,,,
TIJARIA,Building Products - Pipes,,,,,
CYBELEIND,Building Products - Others,,,,,
MSRINDIA,FMCG - Foods,,,,,
INTSTOIL,Logistics,,,,,
RAWEDGE,Mining - Diversified,,,,,
JETINFRA,Real Estate,,,,,
HDFCSILVER,Equity,,,,,
BLOIN,Iron & Steel,,,,,
AMINTAN,Conglomerates,,,,,
ZENLABS,Pharmaceuticals,,,,,
DHYAANITR,Diversified Financials,,,,,
WINPRO,Advertising,,,,,
EASUN,Specialized Finance,,,,,
HOTLSILV,"Hotels, Resorts & Cruise Lines",,,,,
QFIL,Metals - Diversified,,,,,
GSTL,IT Services & Consulting,,,,,
SOUTLAT,Wood Products,,,,,
ISHITADR,Pharmaceuticals,,,,,
NDMETAL,Metals - Aluminium,,,,,
ZENITHHE,Pharmaceuticals,,,,,
EDUCOMP,Education Services,,,,,
RLFL,Diversified Financials,,,,,
DECANBRG,Industrial Machinery,,,,,
ISTRNETWK,Retail - Online,,,,,
MANAV,Construction & Engineering,,,,,
NPFL,Restaurants & Cafes,,,,,
RADAAN,Movies & TV Serials,,,,,
STLSTRINF,Real Estate,,,,,
AXISCETF,Equity,,,,,
JAIPAN,Home Electronics & Appliances,,,,,
DRL,Real Estate,,,,,
ASINPET,Paper Products,,,,,
CILSEC,Investment Banking & Brokerage,,,,,
MARSHALL,Industrial Machinery,,,,,
TRANSFRE,Industrial Machinery,,,,,
NIKSTECH,IT Services & Consulting,,,,,
LYPSAGEMS,"Precious Metals, Jewellery & Watches",,,,,
BOSS,Industrial Machinery,,,,,
GUJRAFFIA,Packaging,,,,,
MAKS,Electrical Components & Equipments,,,,,
GAJANANSEC,Investment Banking & Brokerage,,,,,
VARYAA,"Precious Metals, Jewellery & Watches",,,,,
GSEC5IETF,Debt,,,,,
DDIL,"Precious Metals, Jewellery & Watches",,,,,
VALSONQ,Textiles,,,,,
POLOHOT,"Hotels, Resorts & Cruise Lines",,,,,
BMAL,Metals - Aluminium,,,,,
SMGOLD,"Precious Metals, Jewellery & Watches",,,,,
SVS,Real Estate,,,,,
EXCELLENT,Electrical Components & Equipments,,,,,
RISHDIGA,Iron & Steel,,,,,
YORKEXP,Textiles,,,,,
GGL,"Precious Metals, Jewellery & Watches",,,,,
SANCODE,Software Services,,,,,
VISVEN,Investment Banking & Brokerage,,,,,
MADHUDIN,Real Estate,,,,,
PARMCOS-B,FMCG - Personal Products,,,,,
HEADSUP,Textiles,,,,,
ADHBHUTIN,Real Estate,,,,,
ISHAN,Industrial Machinery,,,,,
VIRTUALG,Education Services,,,,,
MARINETRAN,Logistics,,,,,
SUNREST,Pharmaceuticals,,,,,
SCANPRO,Industrial Machinery,,,,,
ADCON,Investment Banking & Brokerage,,,,,
VAMSHIRU,Building Products - Ceramics,,,,,
BHARAT,Specialized Finance,,,,,
FRONTCORP,Logistics,,,,,
ITBEES,Equity,,,,,
TRANSVOY,Logistics,,,,,
DIDL,Apparel & Accessories,,,,,
KRISHNA,Real Estate,,,,,
TAIIND,Consumer Finance,,,,,
SHREMETAL,Metals - Copper,,,,,
OPCHAINS,Trading Companies & Distributors,,,,,
GKCONS,Diversified Financials,,,,,
DESHRAK,Pharmaceuticals,,,,,
UNIINFO,Telecom Services,,,,,
HARISH,Industrial Machinery,,,,,
BACPHAR,Pharmaceuticals,,,,,
VENTURA,Textiles,,,,,
CONSUMBEES,Equity,,,,,
FRANKLIN,Diversified Financials,,,,,
CITL,Investment Banking & Brokerage,,,,,
KARNAVATI,Consumer Finance,,,,,
MFLINDIA,Logistics,,,,,
YURANUS,Diversified Financials,,,,,
ASIAPAK,Real Estate,,,,,
MAXHEIGHTS,Real Estate,,,,,
NEERAJ,Paper Products,,,,,
SILVERADD,Equity,,,,,
HELPAGE,Diversified Financials,,,,,
JIWANRAM,Business Support Services,,,,,
HISARSP,Textiles,,,,,
MVCOTSP,Building Products - Others,,,,,
GATECHDVR,Investment Banking & Brokerage,,,,,
NEELKANTH,Agro Products,,,,,
YOGISUNG,Construction & Engineering,,,,,
CLOUD,IT Services & Consulting,,,,,
SHARPLINE,Advertising,,,,,
SOVERDIA,"Precious Metals, Jewellery & Watches",,,,,
TARINI,Renewable Energy,,,,,
GLCL,Commodities Trading,,,,,
CAPRO,Specialty Chemicals,,,,,
SPICEISLIN,"Hotels, Resorts & Cruise Lines",,,,,
TDSL,Agro Products,,,,,
ACIIN,IT Services & Consulting,,,,,
IBMFNIFTY,Equity,,,,,
COMPINFO,Technology Hardware,,,,,
NAVIGANT,Investment Banking & Brokerage,,,,,
VIJAYTX,Textiles,,,,,
VIKASPROP,Agro Products,,,,,
VOLKAI,Specialized Finance,,,,,
TECHIN,Real Estate,,,,,
SNXT50BEES,Equity,,,,,
SAMYAKINT,Commodities Trading,,,,,
MIHIKA,Commodities Trading,,,,,
MIVENMACH,Industrial Machinery,,,,,
KLIFESTYL,Textiles,,,,,
ANUROOP,Packaging,,,,,
COSYN,IT Services & Consulting,,,,,
NMSRESRC,Oil & Gas - Equipment & Services,,,,,
BRISK,IT Services & Consulting,,,,,
PROCLB,Consumer Finance,,,,,
FMCGIETF,Equity,,,,,
CITICHEM,Specialty Chemicals,,,,,
STERPOW,Textiles,,,,,
ACFSL,Investment Banking & Brokerage,,,,,
JMDVL,Rail,,,,,
LABELKRAFT,Electronic Equipments,,,,,
TCIFINANCE,Diversified Financials,,,,,
QUADPRO,Business Support Services,,,,,
MARUTISE,Investment Banking & Brokerage,,,,,
MULLER,FMCG - Personal Products,,,,,
HUSYSLTD,Employment Services,,,,,
BNRUDY,IT Services & Consulting,,,,,
SWITCHTE,Electrical Components & Equipments,,,,,
SAMTEX,Apparel & Accessories,,,,,
CITYMAN,Textiles,,,,,
DAULAT,Investment Banking & Brokerage,,,,,
ACEENGITEC,Business Support Services,,,,,
BKV,Packaged Foods & Meats,,,,,
GSBFIN,Investment Banking & Brokerage,,,,,
KONARKSY,Textiles,,,,,
NIF100IETF,Equity,,,,,
POBS,Data Processing & Outsourced Services,,,,,
VASUDHAGAM,Online Services,,,,,
LKMEHTA,Plastic Products,,,,,
TOKYOFIN,Consumer Finance,,,,,
VIVAA,Retail - Apparel,,,,,
NHL,"Hotels, Resorts & Cruise Lines",,,,,
SILLYMONKS,Advertising,,,,,
PRISMFN,Diversified Financials,,,,,
REGENTRP,Agro Products,,,,,
SICAPIT,Tour & Travel Services,,,,,
SENINFO,IT Services & Consulting,,,,,
JEL,Commodities Trading,,,,,
HBLEAS,Diversified Financials,,,,,
GARWAMAR,Shipbuilding,,,,,
BENCHMARK,Software Services,,,,,
MUKATPIP,Building Products - Pipes,,,,,
STCORP,Packaged Foods & Meats,,,,,
BFFL,Agro Products,,,,,
SFPIL,Real Estate,,,,,
CARGOSOL,Logistics,,,,,
HYPERSOFT,IT Services & Consulting,,,,,
SOLIDSTON,Building Products - Others,,,,,
ANTGRAPHIC,Packaging,,,,,
SWASTH,FMCG - Foods,,,,,
ORGCOAT,Specialty Chemicals,,,,,
ASHIS,Iron & Steel,,,,,
ACEMEN,Diversified Financials,,,,,
DFL,Specialized Finance,,,,,
TUNITEX,Textiles,,,,,
VELHO,"Hotels, Resorts & Cruise Lines",,,,,
CHEMOPH,Pharmaceuticals,,,,,
DRSCARGO,Logistics,,,,,
UHZAVERI,"Precious Metals, Jewellery & Watches",,,,,
SARVOTTAM,Investment Banking & Brokerage,,,,,
PANABYTE,Commodities Trading,,,,,
VERITAAS,Advertising,,,,,
SWRNASE,Investment Banking & Brokerage,,,,,
MAL,Apparel & Accessories,,,,,
EUPHORIAIT,IT Services & Consulting,,,,,
SHRICON,Real Estate,,,,,
WHITEORG,FMCG - Foods,,,,,
KENRIK,"Precious Metals, Jewellery & Watches",,,,,
OROSMITHS,"Precious Metals, Jewellery & Watches",,,,,
UNITEDINT,IT Services & Consulting,,,,,
MSCTC,Metals - Diversified,,,,,
INFRABEES,Equity,,,,,
NBFOOT,Apparel & Accessories,,,,,
ONELIFECAP,Investment Banking & Brokerage,,,,,
MONGIPA,Consumer Finance,,,,,
SHUBHLAXMI,"Precious Metals, Jewellery & Watches",,,,,
INNOKAIZ,Advertising,,,,,
JAIMATAG,Housewares,,,,,
PBAINFRA,Construction & Engineering,,,,,
EASTRED,Tires & Rubber,,,,,
NAPSGLOBAL,Textiles,,,,,
LYNMC,Business Support Services,,,,,
CHECKPOINT,Commodities Trading,,,,,
SICL,Construction & Engineering,,,,,
YASHMGM,Specialized Finance,,,,,
INDRENEW,Renewable Energy Equipment & Services,,,,,
UNIROYAL,Textiles,,,,,
RAPIDIN,Diversified Financials,,,,,
COMPUPN,IT Services & Consulting,,,,,
CROISSANCE,Restaurants & Cafes,,,,,
SHKARTP,Paper Products,,,,,
TRIVENIGQ,Building Products - Glass,,,,,
MERCTRD,Investment Banking & Brokerage,,,,,
NORRIS,Pharmaceuticals,,,,,
UNIVAFOODS,"Hotels, Resorts & Cruise Lines",,,,,
IMPEXFERRO,Iron & Steel,,,,,
MISHDESIGN,Apparel & Accessories,,,,,
SHRYDUS,Commodity,,,,,
ECS,"Precious Metals, Jewellery & Watches",,,,,
KIRANPR,Stationery,,,,,
FONE4,Retail - Online,,,,,
PLADAINFO,Software Services,,,,,
DJSSS,Investment Banking & Brokerage,,,,,
STEP2COR,Investment Banking & Brokerage,,,,,
SHYMINV,Specialized Finance,,,,,
VANTABIO,Labs & Life Sciences Services,,,,,
AMITSEC,Commodities Trading,,,,,
AAPLUSTRAD,Commodities Trading,,,,,
EPBIO,Building Products - Others,,,,,
SILVER,Equity,,,,,
HEALTHIETF,Equity,,,,,
SIBARAUT,Auto Parts,,,,,
ETIL,Diversified Financials,,,,,
AMRAFIN,Diversified Financials,,,,,
AUTOIETF,Equity,,,,,
SHANTHALA,FMCG - Personal Products,,,,,
RASRESOR,"Hotels, Resorts & Cruise Lines",,,,,
SHYAMTEL,Telecom Equipments,,,,,
PRAGBOS,Textiles,,,,,
GLFL,Consumer Finance,,,,,
ADISHAKTI,Commodities Trading,,,,,
GCMSECU,Investment Banking & Brokerage,,,,,
TRUSTWAVE,Specialized Finance,,,,,
CREATIVEYE,Movies & TV Serials,,,,,
DUKEOFS,Oil & Gas - Equipment & Services,,,,,
ADVPETR-B,Oil & Gas - Refining & Marketing,,,,,
ADVLIFE,Textiles,,,,,
SUULD,Apparel & Accessories,,,,,
NCCBLUE,Packaged Foods & Meats,,,,,
PHOTON,Investment Banking & Brokerage,,,,,
OCTAVIUSPL,Agro Products,,,,,
SKIEL,Apparel & Accessories,,,,,
HRMNYCP,Investment Banking & Brokerage,,,,,
JAGJANANI,Textiles,,,,,
GILADAFINS,Investment Banking & Brokerage,,,,,
GGPL,Business Support Services,,,,,
MEGFI,Diversified Financials,,,,,
KAHAN,Packaging,,,,,
DML,Real Estate,,,,,
AVASARA,Diversified Financials,,,,,
VKGLOBAL,Technology Hardware,,,,,
WORL,Agro Products,,,,,
SBIETFCON,Equity,,,,,
KANDAGIRI,Textiles,,,,,
1STCUS,Investment Banking & Brokerage,,,,,
NEOINFRA,Real Estate,,,,,
SUMERUIND,Business Support Services,,,,,
GROARC,Biotechnology,,,,,
GEMSI,Consumer Finance,,,,,
NEIL,Diversified Financials,,,,,
PANELEC,Electrical Components & Equipments,,,,,
YUNIKM,Business Support Services,,,,,
RAL,Retail - Speciality,,,,,
MIDQ50ADD,Equity,,,,,
LINKPH,Commodity Chemicals,,,,,
MTEDUCARE,Education Services,,,,,
HAMPS,Pharmaceuticals,,,,,
ASIAN,Advertising,,,,,
NEWLIGHT,Apparel & Accessories,,,,,
EMMESSA,Pharmaceuticals,,,,,
HDFCVALUE,Equity,,,,,
SALGUTI,Plastic Products,,,,,
REETECH,Commodities Trading,,,,,
RAP,Real Estate,,,,,
GYANDEV,Real Estate,,,,,
STRGRENWO,Real Estate,,,,,
UNITDCR,Consumer Finance,,,,,
INDICAP,Consumer Finance,,,,,
VRFILMS,Movies & TV Serials,,,,,
CONTCHM,Software Services,,,,,
BAZELINTER,Investment Banking & Brokerage,,,,,
VCL,Textiles,,,,,
PERFECT,Home Electronics & Appliances,,,,,
TNIDETF,Equity,,,,,
KOURA,Apparel & Accessories,,,,,
TEJASSVI,Logistics,,,,,
SRECR,Commodity Chemicals,,,,,
NPRFIN,Consumer Finance,,,,,
ANSINDUS,Packaged Foods & Meats,,,,,
STELLAR,Consumer Finance,,,,,
COARO,Logistics,,,,,
NATRAJPR,FMCG - Foods,,,,,
SEL,Real Estate,,,,,
VEL,Textiles,,,,,
UMESLTD,Education Services,,,,,
KUNSTOFF,Building Products - Pipes,,,,,
HDFCNIF100,Equity,,,,,
MIDCAP,Equity,,,,,
SRINACHA,Textiles,,,,,
ARENTERP,Mining - Diversified,,,,,
RRSECUR,Consumer Finance,,,,,
GARWSYN,Textiles,,,,,
MEHSECU,Investment Banking & Brokerage,,,,,
MMLF,Diversified Financials,,,,,
DRL,Commodity,,,,,
GKP,Packaging,,,,,
GLOBALE,Textiles,,,,,
LIPPISYS,Industrial Machinery,,,,,
INTEGFD,Packaged Foods & Meats,,,,,
GIANLIFE,Health Care Equipment & Supplies,,,,,
GVBL,Biotechnology,,,,,
CUBIFIN,Specialized Finance,,,,,
DCMFINSERV,Consumer Finance,,,,,
VASINFRA,Real Estate,,,,,
DHTL,Education Services,,,,,
SHANTIGURU,FMCG - Foods,,,,,
GARBIFIN,Consumer Finance,,,,,
PATRON,Pharmaceuticals,,,,,
ANNAINFRA,Real Estate,,,,,
AMFORG,Consumer Finance,,,,,
JACKSON,Investment Banking & Brokerage,,,,,
MAITRI,Pharmaceuticals,,,,,
SAROJA,Pharmaceuticals,,,,,
TARAI,Packaged Foods & Meats,,,,,
OPAL,"Precious Metals, Jewellery & Watches",,,,,
3CIT,IT Services & Consulting,,,,,
VBIND,Diversified Financials,,,,,
SPAR,Electronic Equipments,,,,,
IGCIL,Textiles,,,,,
OCTAVE,Movies & TV Serials,,,,,
MAHKTECH,Equity,,,,,
INTERDIGI,Online Services,,,,,
JMGCORP,IT Services & Consulting,,,,,
MEHIF,Diversified Financials,,,,,
GUJCOTEX,Textiles,,,,,
BERYLSE,Diversified Financials,,,,,
SRMENERGY,Renewable Energy,,,,,
RCCL,Oil & Gas - Storage & Transportation,,,,,
GALAGEX,Industrial Machinery,,,,,
TRADEWELL,Investment Banking & Brokerage,,,,,
ICSL,Business Support Services,,,,,
RISAINTL,Real Estate,,,,,
SIMPLXMIL,Textiles,,,,,
SBRANDS,Wellness Services,,,,,
SERIND,Logistics,,,,,
KUSHIND,Textiles,,,,,
KTL,Textiles,,,,,
MILESTONE,Building Products - Granite,,,,,
KCDGROUP,Real Estate,,,,,
SIIL,Textiles,,,,,
MNPLFIN,Consumer Finance,,,,,
MKTCREAT,Investment Banking & Brokerage,,,,,
GBFL,Diversified Financials,,,,,
KIZI,Apparel & Accessories,,,,,
SEASONST,Textiles,,,,,
INDIFRA,Construction & Engineering,,,,,
INANISEC,Investment Banking & Brokerage,,,,,
KALYANI,Consumer Finance,,,,,
NV20IETF,Equity,,,,,
CRANEINFRA,Real Estate,,,,,
RMCL,Packaging,,,,,
ZSVARAJT,Commodities Trading,,,,,
RANDER,Real Estate,,,,,
VELOX,,,,,,
MITSHI,Conglomerates,,,,,
IFINSER,Investment Banking & Brokerage,,,,,
HATHWAYB,Cable & D2H,,,,,
POLYCON,Plastic Products,,,,,
RAMAPETRO,Commodities Trading,,,,,
CEMAINFRA,Construction & Engineering,,,,,
ARROWHEAD,Industrial Machinery,,,,,
SVAMSOF,Software Services,,,,,
SLSTLQ,Textiles,,,,,
BROACH,Hospitals & Diagnostic Centres,,,,,
VEDANTASSET,Specialized Finance,,,,,
SHANTI,Packaged Foods & Meats,,,,,
YARNSYN,Textiles,,,,,
ASSOCIATED,Building Products - Others,,,,,
INDLEASE,Specialized Finance,,,,,
DARJEELING,Textiles,,,,,
ZSVTRADI,Investment Banking & Brokerage,,,,,
RASSIREF,Cement,,,,,
AVAX,Apparel & Accessories,,,,,
CONSUMIETF,Equity,,,,,
MCLTD,Technology Hardware,,,,,
PRABHAT,FMCG - Foods,,,,,
SAFFRON,Paper Products,,,,,
SHUKJEW,"Precious Metals, Jewellery & Watches",,,,,
RJSHAH,Construction & Engineering,,,,,
WINSOME,Textiles,,,,,
MODRNSH,Investment Banking & Brokerage,,,,,
SKL,Apparel & Accessories,,,,,
DAPS,Advertising,,,,,
DSINVEST,Investment Banking & Brokerage,,,,,
BINDALEXPO,Textiles,,,,,
SHIVAGR,Agricultural & Farm Machinery,,,,,
SIELFNS,Specialized Finance,,,,,
VIVO,Telecom Services,,,,,
BFLAFL,Investment Banking & Brokerage,,,,,
SHRAJOI,Advertising,,,,,
DARSHANORNA,"Precious Metals, Jewellery & Watches",,,,,
ZPRBHSTE,Iron & Steel,,,,,
MIDEASTP,Investment Banking & Brokerage,,,,,
MIDINDIA,Textiles,,,,,
CFL,Textiles,,,,,
NIFTY50ADD,Equity,,,,,
GOLECHA,Diversified Financials,,,,,
HDFCPVTBAN,Equity,,,,,
ARISE,Diversified Financials,,,,,
SFSL,Water Management,,,,,
SURYAINDIA,Real Estate,,,,,
VENMAX,Pharmaceuticals,,,,,
AHIMSA,Plastic Products,,,,,
BSLSENETFG,Equity,,,,,
CHANDNIMACH,Commodities Trading,,,,,
SHGANEL,Agro Products,,,,,
VAGHANI,Real Estate,,,,,
GANONPRO,Commodities Trading,,,,,
FRUTION,Investment Banking & Brokerage,,,,,
LTGILTBEES,Debt,,,,,
ASHISHPO,Building Products - Pipes,,,,,
JLL,Investment Banking & Brokerage,,,,,
CATVISION,Communication & Networking,,,,,
PHYTO,Fertilizers & Agro Chemicals,,,,,
AMIABLE,Logistics,,,,,
VANICOM,Investment Banking & Brokerage,,,,,
EASTBUILD,Real Estate,,,,,
TIMESGREEN,Agro Products,,,,,
RAJPACK,Packaging,,,,,
GSLSEC,Diversified Financials,,,,,
VBDESAI,Investment Banking & Brokerage,,,,,
NATPLY,Building Products - Laminates,,,,,
ZINEMA,Commodities Trading,,,,,
SHRMFGC,Textiles,,,,,
ANJANIFIN,Diversified Financials,,,,,
PRIMAGR,Agro Products,,,,,
VINAYAKPOL,Packaging,,,,,
ROJL,"Precious Metals, Jewellery & Watches",,,,,
SMARITIME,Logistics,,,,,
SAHAJ,Retail - Apparel,,,,,
MPL,Commodity Chemicals,,,,,
QNIFTY,Equity,,,,,
SOUTHERNIN,IT Services & Consulting,,,,,
PRATIKSH,Commodity Chemicals,,,,,
AMRAAGRI,Commodities Trading,,,,,
SURYVANSP,Textiles,,,,,
EUROTEXIND,Textiles,,,,,
LORDSHOTL,"Hotels, Resorts & Cruise Lines",,,,,
MOLOWVOL,Equity,,,,,
FSC,Logistics,,,,,
SMEL,Advertising,,,,,
SMVD,Packaging,,,,,
GOLDLEG,Specialized Finance,,,,,
VEERKRUPA,"Precious Metals, Jewellery & Watches",,,,,
NYSSACORP,Real Estate,,,,,
RAMAPPR-B,Paper Products,,,,,
BGIL,Movies & TV Serials,,,,,
BALCO,Plastic Products,,,,,
PASARI,Textiles,,,,,
RAJPUTANA,Investment Banking & Brokerage,,,,,
INDOEURO,Specialty Chemicals,,,,,
BKMINDST,Packaging,,,,,
TRITON,IT Services & Consulting,,,,,
OMKARCHEM,Specialty Chemicals,,,,,
WELTI,Fertilizers & Agro Chemicals,,,,,
SDL,Agro Products,,,,,
BILLWIN,Apparel & Accessories,,,,,
TACENT,Textiles,,,,,
DECIPHER,Pharmaceuticals,,,,,
SANTOSHF,Textiles,,,,,
EVOQ,Pharmaceuticals,,,,,
UNTTEMI,Textiles,,,,,
ALPHA,Equity,,,,,
OSWAYRN,Textiles,,,,,
SATAGRI,Agro Products,,,,,
KAKTEX,Textiles,,,,,
TELECANOR,IT Services & Consulting,,,,,
LOWVOL1,Equity,,,,,
ENCASH,Movies & Entertainment,,,,,
NIF100BEES,Equity,,,,,
LIMECHM,Commodity Chemicals,,,,,
JINDCOT,Textiles,,,,,
FTL,Retail - Speciality,,,,,
KMFBLDR,Real Estate,,,,,
PYXISFIN,Diversified Financials,,,,,
KAARYAFSL,Business Support Services,,,,,
RLF,Textiles,,,,,
MAYUR,Footwear,,,,,
TRANSPACT,Health Care Equipment & Supplies,,,,,
OCTAL,Diversified Financials,,,,,
ALEXANDER,Diversified Financials,,,,,
PREMIER,Industrial Machinery,,,,,
BHAGWOX,Commodity Chemicals,,,,,
RAJSPTR,Logistics,,,,,
CHEMIESYNT,Specialty Chemicals,,,,,
HNGSNGBEES,Equity,,,,,
INDERGR,Diversified Financials,,,,,
MONQ50,Equity,,,,,
YASHRAJC,Packaging,,,,,
SKRABUL,"Precious Metals, Jewellery & Watches",,,,,
IPOWER,IT Services & Consulting,,,,,
USHAKIRA,Diversified Financials,,,,,
THAKRAL,Electronic Equipments,,,,,
BERLDRG,Pharmaceuticals,,,,,
SSWRL,Iron & Steel,,,,,
MINOLTAF,Diversified Financials,,,,,
GAGAN,Oil & Gas - Storage & Transportation,,,,,
TRANSWIND,Construction & Engineering,,,,,
MILLENNIUM,Technology Hardware,,,,,
ALCHCORP,Real Estate,,,,,
GLEAM,Commodities Trading,,,,,
COLINZ,Pharmaceuticals,,,,,
JAINMARMO,Building Products - Granite,,,,,
INDOCITY,Diversified Financials,,,,,
LIBORD,Investment Banking & Brokerage,,,,,
FGP,Business Support Services,,,,,
HDFCQUAL,Equity,,,,,
DAVIN,Apparel & Accessories,,,,,
SHESHAINDS,Textiles,,,,,
KUWERIN,Packaging,,,,,
KKPLASTICK,Plastic Products,,,,,
JALAN,Logistics,,,,,
PFLINFOTC,Online Services,,,,,
KONNDOR,Paper Products,,,,,
GUJINV,Diversified Financials,,,,,
CBAZAAR,Textiles,,,,,
RCIIND,Metals - Copper,,,,,
UNRYLMA,Packaged Foods & Meats,,,,,
KUMPFIN,Diversified Financials,,,,,
TULASEEBIOE,Renewable Energy,,,,,
MONIND,Metals - Diversified,,,,,
NETPIX,Online Services,,,,,
ELEFLOR,Agro Products,,,,,
SHANTAI,Textiles,,,,,
SALSAIN,Investment Banking & Brokerage,,,,,
PADALPO,Plastic Products,,,,,
PHOTOQUP,Electronic Equipments,,,,,
DHENUBUILD,Commodities Trading,,,,,
OMEAG,Agro Products,,,,,
PASUFIN,Diversified Financials,,,,,
ISFL,Specialized Finance,,,,,
SANCF,Investment Banking & Brokerage,,,,,
ESHAMEDIA,Advertising,,,,,
HANSUGAR,Sugar,,,,,
UNIOFFICE,Industrial Machinery,,,,,
AIHL,Textiles,,,,,
LAHL,Real Estate,,,,,
GTNTEX,Textiles,,,,,
OONE,IT Services & Consulting,,,,,
MAGENTA,Cables,,,,,
SETUINFRA,Construction & Engineering,,,,,
PANKAJPO,Packaging,,,,,
SKILVEN,Real Estate,,,,,
HINDBIO,Biotechnology,,,,,
TRIVENIENT,Commodities Trading,,,,,
UNJHAFOR,FMCG - Personal Products,,,,,
CHCL,Pharmaceuticals,,,,,
FALCONTECH,Construction & Engineering,,,,,
HIKLASS,Investment Banking & Brokerage,,,,,
JAYIND,Textiles,,,,,
JETMALL,FMCG - Foods,,,,,
ORTINGLOBE,Pharmaceuticals,,,,,
MOUNT,,,,,,
GALLOPENT,Real Estate,,,,,
SAENTER,Electronic Equipments,,,,,
HDFCGROWTH,Equity,,,,,
HARIAEXPO,Commodities Trading,,,,,
WITS,IT Services & Consulting,,,,,
LONTE,Tea & Coffee,,,,,
EMAINDIA,Auto Parts,,,,,
SCAGRO,Agro Products,,,,,
RITEZONE,Construction & Engineering,,,,,
SABAR,Packaging,,,,,
STDSHOE,Commodity Chemicals,,,,,
PARMSILK,Textiles,,,,,
SIROHIA,Fertilizers & Agro Chemicals,,,,,
GANHOLD,Investment Banking & Brokerage,,,,,
NEXUSSURGL,Pharmaceuticals,,,,,
VIKALPS,Investment Banking & Brokerage,,,,,
SUPERTEX,Textiles,,,,,
ADLINE,Pharmaceuticals,,,,,
OTCO,IT Services & Consulting,,,,,
RGF,Diversified Financials,,,,,
SOMAPPR,Paper Products,,,,,
OCTAWARE,Software Services,,,,,
RGIL,Commodities Trading,,,,,
PREMSYN,Textiles,,,,,
BCLENTERPR,Diversified Financials,,,,,
NOUVEAU,Conglomerates,,,,,
BLOOM,Wood Products,,,,,
AFEL,Investment Banking & Brokerage,,,,,
UTLINDS,Iron & Steel,,,,,
VCU,Electronic Equipments,,,,,
BHATEXT,Textiles,,,,,
GCMCAPI,Investment Banking & Brokerage,,,,,
MYSTICELE,Electronic Equipments,,,,,
SHAKTIPR,Publishing,,,,,
ALPSINDUS,Textiles,,,,,
JJFINCOR,Diversified Financials,,,,,
MINAXI,Textiles,,,,,
CHADPAP,Paper Products,,,,,
DLCL,Hospitals & Diagnostic Centres,,,,,
ECSTSTL,Iron & Steel,,,,,
OLYOI,Paper Products,,,,,
DATIWARE,Shipbuilding,,,,,
MPCOSEMB,IT Services & Consulting,,,,,
SIIL,Technology Hardware,,,,,
TNSTLTU,Building Products - Pipes,,,,,
HITTCO,Industrial Machinery,,,,,
TPROJECT,Investment Banking & Brokerage,,,,,
LYONSCO,Diversified Financials,,,,,
QUANTDIA,Construction & Engineering,,,,,
PRISMMEDI,Agro Products,,,,,
SEVENHILL,Diversified Financials,,,,,
SHAMROIN,Pharmaceuticals,,,,,
SHASHANK,Textiles,,,,,
TASHIND,Diversified Financials,,,,,
HDFCNEXT50,Equity,,,,,
BISIL,Plastic Products,,,,,
PIONAGR,Packaged Foods & Meats,,,,,
CJGEL,Specialty Chemicals,,,,,
VIVANZA,Pharmaceuticals,,,,,
EUROLED,Apparel & Accessories,,,,,
AMS,,,,,,
SUPERBAK,Packaged Foods & Meats,,,,,
PANAFIC,Diversified Financials,,,,,
PARKERAC,Oil & Gas - Storage & Transportation,,,,,
EKENNIS,IT Services & Consulting,,,,,
HASTIFIN,Consumer Finance,,,,,
AGIOPAPER,Paper Products,,,,,
MATHEWE,Specialized Finance,,,,,
UTISXN50,Equity,,,,,
HARIAAPL,Textiles,,,,,
DEVINE,Commodities Trading,,,,,
SYMBIOX,Textiles,,,,,
EUREKAI,Textiles,,,,,
LOOKS,Health Care Equipment & Supplies,,,,,
NORTHLINK,Construction & Engineering,,,,,
SW1,Consumer Finance,,,,,
ZDHJERK,Hospitals & Diagnostic Centres,,,,,
SURFI,Packaged Foods & Meats,,,,,
PANIDPR,Investment Banking & Brokerage,,,,,
PROGREXV,Packaged Foods & Meats,,,,,
SAICOM,Diversified Financials,,,,,
SBL,Packaged Foods & Meats,,,,,
SHAHFOOD,Packaged Foods & Meats,,,,,
KINETRU,Investment Banking & Brokerage,,,,,
MAYURFL,Building Products - Granite,,,,,
GOLCA,Textiles,,,,,
SUNCITYSY,Textiles,,,,,
IYKOTHITE,Industrial Machinery,,,,,
ENTRINT,Textiles,,,,,
TRINITYLEA,Business Support Services,,,,,
AVIVA,Building Products - Glass,,,,,
KRISHNACAP,Investment Banking & Brokerage,,,,,
RAMGOPOLY,Commodities Trading,,,,,
ACCORD,Telecom Services,,,,,
NUTECGLOB,Textiles,,,,,
AXISILVER,Equity,,,,,
VISIONCINE,Movies & TV Serials,,,,,
VARDHMAN,Construction & Engineering,,,,,
FRASER,Building Products - Others,,,,,
GCONNECT,Specialized Finance,,,,,
CLFL,Diversified Financials,,,,,
AGARWAL,Building Products - Others,,,,,
FLORACORP,Consumer Finance,,,,,
NIKKIGL,Diversified Financials,,,,,
SUNRETAIL,Agro Products,,,,,
AMARNATH,Investment Banking & Brokerage,,,,,
NEELKAN,Building Products - Granite,,,,,
CTLLAB,Health Care Equipment & Supplies,,,,,
SWAGTAM,Real Estate,,,,,
CHMBBRW,Alcoholic Beverages,,,,,
FILME,Movies & TV Serials,,,,,
LONGSPUR,Labs & Life Sciences Services,,,,,
KCL,Commodities Trading,,,,,
PEETISEC,Textiles,,,,,
TRANWAY21,Software Services,,,,,
WOODSVILA,"Hotels, Resorts & Cruise Lines",,,,,
PUROHITCON,Construction & Engineering,,,,,
MUKTA,Commodities Trading,,,,,
PADMAIND,Diversified Chemicals,,,,,
EXPLICITFIN,Investment Banking & Brokerage,,,,,
NAKSH,"Precious Metals, Jewellery & Watches",,,,,
FUTURSEC,Investment Banking & Brokerage,,,,,
RACONTEUR,Mining - Diversified,,,,,
DELTA,Textiles,,,,,
TIRTPLS,Building Products - Others,,,,,
SPACEINCUBA,IT Services & Consulting,,,,,
GALADAFIN,Investment Banking & Brokerage,,,,,
ORTEL,Cable & D2H,,,,,
MILEFUR,Business Support Services,,,,,
CAPRICORN,IT Services & Consulting,,,,,
VKJINFRA,Construction & Engineering,,,,,
KZLFIN,Consumer Finance,,,,,
CLIOINFO,Consumer Finance,,,,,
KGES,Education Services,,,,,
AARCON,Real Estate,,,,,
AMJUMBO,Packaging,,,,,
BRIGHT,Industrial Machinery,,,,,
ZKHANDEN,Packaged Foods & Meats,,,,,
APIL,Commodities Trading,,,,,
ARAVALIS,Investment Banking & Brokerage,,,,,
SCC,Specialized Finance,,,,,
ALFL,Specialized Finance,,,,,
SILVERPRL,"Hotels, Resorts & Cruise Lines",,,,,
BRIJLEAS,Investment Banking & Brokerage,,,,,
AMBIT,Real Estate,,,,,
SIDDHA,Investment Banking & Brokerage,,,,,
VXLINSTR,Technology Hardware,,,,,
BIJHANS,Pharmaceuticals,,,,,
VISIONCO,Movies & TV Serials,,,,,
DIAMANT,Construction & Engineering,,,,,
SEATV,TV Channels & Broadcasters,,,,,
SPSL,Real Estate,,,,,
AMITINT,Commodities Trading,,,,,
ATHARVENT,Commodities Trading,,,,,
HDFCMOMENT,Equity,,,,,
SABEVENTS,Publishing,,,,,
RAGHUNAT,Real Estate,,,,,
STANPACK,Packaging,,,,,
SIPTL,Real Estate,,,,,
SASHWAT,Software Services,,,,,
EPSOMPRO,Real Estate,,,,,
PROMACT,Plastic Products,,,,,
PMTELELIN,Commodities Trading,,,,,
PADMALAYAT,Movies & TV Serials,,,,,
ONTIC,Specialized Finance,,,,,
GOYALASS,Specialized Finance,,,,,
SUUMAYA,Diversified Chemicals,,,,,
SWORDEDGE,Business Support Services,,,,,
VIRGOGLOB,IT Services & Consulting,,,,,
CITIPOR,Diversified Financials,,,,,
MPAGI,Fertilizers & Agro Chemicals,,,,,
INTCAPL,Diversified Financials,,,,,
AVI,Commodities Trading,,,,,
PRIYALT,IT Services & Consulting,,,,,
AANANDALAK,Textiles,,,,,
GANGAPHARM,Pharmaceuticals,,,,,
JAINCO,Consumer Finance,,,,,
SAILANI,Tour & Travel Services,,,,,
STRAEXPO,Paper Products,,,,,
SECURCRED,Employment Services,,,,,
GRANDMA,Commodities Trading,,,,,
WILLIMFI,Specialized Finance,,,,,
HANMAN,Wellness Services,,,,,
SARTHAKGL,Investment Banking & Brokerage,,,,,
IDM,IT Services & Consulting,,,,,
SYTIXSE,Diversified Financials,,,,,
ARYAN,Investment Banking & Brokerage,,,,,
INFRAIETF,Equity,,,,,
SRIRAM,Electrical Components & Equipments,,,,,
KOBO,Pharmaceuticals,,,,,
RICHUNV,Diversified Financials,,,,,
GRATEXI,Commodities Trading,,,,,
RAMASIGNS,Stationery,,,,,
NATURO,FMCG - Foods,,,,,
POLYMAC,Plastic Products,,,,,
LEXORAA,"Precious Metals, Jewellery & Watches",,,,,
POLYTEX,Diversified Financials,,,,,
HITKITGLO,FMCG - Foods,,,,,
MOVALUE,Equity,,,,,
ASHRAM,Retail - Online,,,,,
MOMENTUM,Equity,,,,,
RCCEMEN,Cement,,,,,
CONTICON,Electrical Components & Equipments,,,,,
WWALUM,Commodities Trading,,,,,
NNTL,IT Services & Consulting,,,,,
ASYL,Commodity Chemicals,,,,,
ATHCON,Real Estate,,,,,
UNISHIRE,Real Estate,,,,,
FIRSTFIN,IT Services & Consulting,,,,,
SHYAMACOMP,IT Services & Consulting,,,,,
SIDDHEGA,Investment Banking & Brokerage,,,,,
KUBERJI,Specialty Chemicals,,,,,
GOLKONDA,Metals - Aluminium,,,,,
SGNTE,Electrical Components & Equipments,,,,,
SHAQUAK,Movies & TV Serials,,,,,
PRIMECAPM,Diversified Financials,,,,,
MAFIA,Apparel & Accessories,,,,,
KARANWO,Real Estate,,,,,
PITHP,Plastic Products,,,,,
INTETHR,Commodity Chemicals,,,,,
CINDRELL,Diversified Financials,,,,,
NIHARINF,IT Services & Consulting,,,,,
MOQUALITY,Equity,,,,,
MLINDLTD,Agro Products,,,,,
MOHEALTH,Equity,,,,,
BRAWN,Pharmaceuticals,,,,,
TFSL,Diversified Financials,,,,,
CHDCHEM,Commodities Trading,,,,,
HDFCLOWVOL,Equity,,,,,
DWL,Pharmaceuticals,,,,,
ASHAI,Investment Banking & Brokerage,,,,,
DECPO,Plastic Products,,,,,
PRADIP,Textiles,,,,,
CORNE,Paper Products,,,,,
GRAVITY,Textiles,,,,,
GARODCH,Commodity Chemicals,,,,,
PENTAGOLD,"Precious Metals, Jewellery & Watches",,,,,
SUNGOLD,Diversified Financials,,,,,
FABINO,Pharmaceuticals,,,,,
ADVIKLA,Pharmaceuticals,,,,,
JAYBHCR,Specialized Finance,,,,,
VINTAGES,Consumer Finance,,,,,
SIPL,Construction & Engineering,,,,,
MFSINTRCRP,Iron & Steel,,,,,
HEERAISP,Iron & Steel,,,,,
MNC,Equity,,,,,
SIMPLXPAP,Paper Products,,,,,
WAGEND,Specialized Finance,,,,,
ASIACAP,Investment Banking & Brokerage,,,,,
CONS,Equity,,,,,
MODWOOL,Textiles,,,,,
VOLLF,Specialized Finance,,,,,
PRSNTIN,Textiles,,,,,
LAKPRE,Industrial Machinery,,,,,
BPCAP,Investment Banking & Brokerage,,,,,
NIFTYQLITY,Equity,,,,,
AMERISE,Wood Products,,,,,
JOINTECAED,Software Services,,,,,
SDC,Rail,,,,,
QUINTEGRA,Software Services,,,,,
ADITYA,Iron & Steel,,,,,
FFPL,Metals - Coke,,,,,
KLGCAP,Diversified Financials,,,,,
JSHL,Retail - Online,,,,,
BOSTONBIO,Investment Banking & Brokerage,,,,,
ZMULTIPU,Specialized Finance,,,,,
CMICABLES,Cables,,,,,
UNITEDTE,Textiles,,,,,
SUJANAUNI,Iron & Steel,,,,,
PUSHPREALM,Real Estate,,,,,
PSITINFRA,Technology Hardware,,,,,
TRICOMFRU,Agro Products,,,,,
OLPCL,Paper Products,,,,,
DHARFIN,Diversified Financials,,,,,
AADIIND,Stationery,,,,,
AMANAYA,"Precious Metals, Jewellery & Watches",,,,,
IISL,Construction & Engineering,,,,,
TRIOMERC,Commodities Trading,,,,,
LEADFIN,Diversified Financials,,,,,
SWADHATURE,,,,,,
TIAANC,Pharmaceuticals,,,,,
OMNIAX,Software Services,,,,,
INDLMETER,Heavy Electrical Equipments,,,,,
BEEYU,Tea & Coffee,,,,,
KCSL,Logistics,,,,,
BGLOBAL,IT Services & Consulting,,,,,
OMNIPOTENT,Building Products - Ceramics,,,,,
UNIVARTS,Movies & TV Serials,,,,,
EKAMLEA,Investment Banking & Brokerage,,,,,
SURBHIN,Textiles,,,,,
UNITINT,Commodities Trading,,,,,
ASHOKRE,Oil & Gas - Refining & Marketing,,,,,
SANCO,Building Products - Pipes,,,,,
CRIMSON,Iron & Steel,,,,,
SUPERIOR,Specialized Finance,,,,,
VALLABHSQ,Building Products - Pipes,,,,,
SOURCEIND,Textiles,,,,,
INNOCORP,Plastic Products,,,,,
KRIFILIND,Plastic Products,,,,,
SIKOZY,Real Estate,,,,,
SKSTEXTILE,Textiles,,,,,
INCON,Industrial Machinery,,,,,
KENFIN,Diversified Financials,,,,,
CISTRO,Telecom Services,,,,,
MAHALXSE,Iron & Steel,,,,,
ELANGO,Power Infrastructure,,,,,
STURDY,Agricultural & Farm Machinery,,,,,
MAHAVEER,IT Services & Consulting,,,,,
MHSGRMS,Tour & Travel Services,,,,,
KIRANSY-B,Textiles,,,,,
PATIDAR,Real Estate,,,,,
SHIVA,Investment Banking & Brokerage,,,,,
GOLDCOINHF,Packaged Foods & Meats,,,,,
NATHUEC,Ports,,,,,
SUNRAJDI,"Precious Metals, Jewellery & Watches",,,,,
ABHIINFRA,Construction & Engineering,,,,,
KALPACOMME,Textiles,,,,,
RAJVIR,Textiles,,,,,
PEOPLIN,Diversified Financials,,,,,
KANUNGO,Labs & Life Sciences Services,,,,,
ADJIA,Animation,,,,,
KHYATI,Software Services,,,,,
TSPIRITUAL,Commodities Trading,,,,,
RCL,Apparel & Accessories,,,,,
PREMCAPM,Investment Banking & Brokerage,,,,,
ASHUTPM,Paper Products,,,,,
SNIM,Textiles,,,,,
JAYATMA,Business Support Services,,,,,
GOPAIST,Iron & Steel,,,,,
CKPLEISURE,"Hotels, Resorts & Cruise Lines",,,,,
SHARIABEES,Equity,,,,,
WOMENNET,Commodities Trading,,,,,
RICHAIND,Construction & Engineering,,,,,
JAUSPOL,Packaging,,,,,
DITCO,Real Estate,,,,,
AMARSEC,Investment Banking & Brokerage,,,,,
SSINFRA,Construction & Engineering,,,,,
OMEGAIN,Software Services,,,,,
ENCODE,Packaging,,,,,
JUMBO,Packaging,,,,,
OMKAR,Textiles,,,,,
TRANSFD,FMCG - Foods,,,,,
JPTSEC,Investment Banking & Brokerage,,,,,
CITYONLINE,Cable & D2H,,,,,
BANSTEA,Tea & Coffee,,,,,
NIFTYEES,Equity,,,,,
GUJWIND,Packaging,,,,,
RAJKOTINV,Investment Banking & Brokerage,,,,,
UNQTYMI,Plastic Products,,,,,
HEMORGANIC,Pharmaceuticals,,,,,
DOLPHMED,Hospitals & Diagnostic Centres,,,,,
SHVSUIT,Textiles,,,,,
MAHANIN,Specialized Finance,,,,,
IVZINNIFTY,Equity,,,,,
THAKKERS,Real Estate,,,,,
AARSHYAM,Investment Banking & Brokerage,,,,,
ARCEEIN,Plastic Products,,,,,
ACEEDU,Education Services,,,,,
SPECTRA,Auto Parts,,,,,
BEFOUNDMOL,Business Support Services,,,,,
GCMCOMM,Investment Banking & Brokerage,,,,,
DIVOPPBEES,Equity,,,,,
SHKALYN,Investment Banking & Brokerage,,,,,
MAGNUS,Academic & Educational Services,,,,,
OSCARGLO,Apparel & Accessories,,,,,
RAJINFRA,Construction & Engineering,,,,,
SBLI,Real Estate,,,,,
PURPLE,Movies & TV Serials,,,,,
ZKOVALIN,Investment Banking & Brokerage,,,,,
RKDAGRRTL,Retail - Speciality,,,,,
DGL,Wood Products,,,,,
4THGEN,IT Services & Consulting,,,,,
VASA,Textiles,,,,,
IDFNIFTYET,Equity,,,,,
INTEGHIT,Software Services,,,,,
ZGAEKWAR,Textiles,,,,,
NOGMIND,"Precious Metals, Jewellery & Watches",,,,,
TMTIND-B1,Agro Products,,,,,
SPVGLOBAL,Investment Banking & Brokerage,,,,,
SVAINDIA,Commodities Trading,,,,,
OSWALEA,Investment Banking & Brokerage,,,,,
MADHURIND,Packaged Foods & Meats,,,,,
GTEIT,IT Services & Consulting,,,,,
GDLLEAS,Diversified Financials,,,,,
SSPNFIN,Diversified Financials,,,,,
JAIHINDPRO,Construction & Engineering,,,,,
ANANDPROJ,Construction & Engineering,,,,,
BRIPORT,Investment Banking & Brokerage,,,,,
ZHINUDYP,Industrial Machinery,,,,,
MOMOMENTUM,Equity,,,,,
GANGOTRI,Apparel & Accessories,,,,,
INDOCRED,Investment Banking & Brokerage,,,,,
SOFTBPO,Movies & TV Serials,,,,,
SHRENTI,Specialized Finance,,,,,
MUDRA,Diversified Financials,,,,,
REVAORG,Movies & TV Serials,,,,,
CHARMS,Consumer Finance,,,,,
SAGARSYST,Software Services,,,,,
POWERFUL,Power Transmission & Distribution,,,,,
TECHCON,Business Support Services,,,,,
SILVERO,Construction & Engineering,,,,,
HARCR,Auto Parts,,,,,
EBANK,Equity,,,,,
SYBLY,Textiles,,,,,
GEETANJ,Consumer Finance,,,,,
SHIKHAR,Diversified Financials,,,,,
CESL,IT Services & Consulting,,,,,
CURAA,Software Services,,,,,
RAYLA,Pharmaceuticals,,,,,
ZSHERAPR,Real Estate,,,,,
VALLEY,Conglomerates,,,,,
ZSARVAMA,Commodities Trading,,,,,
ZHEMHOLD,Investment Banking & Brokerage,,,,,
BARONINF,Software Services,,,,,
UNIWSEC,Commodities Trading,,,,,
RAJVI,Logistics,,,,,
ZSANMCOM,Commodities Trading,,,,,
HCLTD,Commodities Trading,,,,,
SIGNGCL,Wood Products,,,,,
ANSHNCO,Aerospace & Defense Equipments,,,,,
SHAHCON,Construction & Engineering,,,,,
INRADIA,Auto Parts,,,,,
ZSPEEDCO,Diversified Chemicals,,,,,
ZGOLDINV,Investment Banking & Brokerage,,,,,
KEDIACN,Business Support Services,,,,,
MASCH,"Precious Metals, Jewellery & Watches",,,,,
AYOME,Health Care Equipment & Supplies,,,,,
KSHITIJ,,,,,,
MOM30IETF,Equity,,,,,
MAGANTR,Investment Banking & Brokerage,,,,,
RIDHISYN,Real Estate,,,,,
INDSOYA,,,,,,
JPTRLES,Specialized Finance,,,,,
SUNRINV,Diversified Financials,,,,,
NIRBHAYIND,,,,,,
PROCAL,Office Services & Supplies,,,,,
ZSWASTSA,Diversified Financials,,,,,
LADIAMO,"Apparel, Accessories & Luxury Goods",,,,,
PURITY,Plastic Products,,,,,
VARUNME,Commodities Trading,,,,,
CORAGRO,Agro Products,,,,,
MELSTAR,IT Services & Consulting,,,,,
KUSUMEL,Electrical Components & Equipments,,,,,
PERVASIVE,Electrical Components & Equipments,,,,,
WMINIMT,Iron & Steel,,,,,
MRUTR,Diversified Financials,,,,,
UNIJOLL,Investment Banking & Brokerage,,,,,
ZHINDHSG,Business Support Services,,,,,
TRANOCE,,,,,,
COVIDH,Software Services,,,,,
ZSOUTGAS,Gas Distribution,,,,,
ANTARIKSH,Real Estate,,,,,
BENGALS,Iron & Steel,,,,,
WHITHAL,,,,,,
EBBETF0425,Debt,,,,,
EBBETF0431,Debt,,,,,
HDFCNIFBAN,Equity,,,,,
MIDCAPIETF,Equity,,,,,
ALPL30IETF,Equity,,,,,
PVTBANIETF,Equity,,,,,
BANKIETF,Equity,,,,,
BSE500IETF,Equity,,,,,
ITIETF,Equity,,,,,
INDOKEM,Specialty Chemicals,,,,,
NEXT50,Equity,,,,,
LICNETFN50,Equity,,,,,
NETF,Equity,,,,,
NV20,Equity,,,,,
LICNFNHGP,Equity,,,,,
NPBET,Equity,,,,,
UTINIFTETF,Equity,,,,,
IDFSENSEXE,Equity,,,,,
ALTIUSINVIT,Telecom Infrastructure,,,,,
SETFSN50,Equity,,,,,
SETFBSE100,Equity,,,,,
SENSEXBEES,Equity,,,,,
SBISENSEX,Equity,,,,,
MOGSEC,Debt,,,,,
ESG,Equity,,,,,
AXISBNKETF,Equity,,,,,
SDL24BEES,Debt,,,,,
SBIETFPB,Equity,,,,,
SBIETFIT,Equity,,,,,
BHALCHANDR,Textiles,,,,,
EDL,,,,,,
GIRDSGA,,,,,,
MMNL,Business Support Services,,,,,
SHILPI,,,,,,
TULSYAN,Iron & Steel,,,,,
SUPERNOVA,,,,,,
WEBSL,,,,,,
HASJUICE,,,,,,
LEGACY,,,,,,
PBFL,Movies & TV Serials,,,,,
SRGFFL,Consumer Finance,,,,,
DEKSON,,,,,,
GSL,,,,,,
ABHIJIT,Investment Banking & Brokerage,,,,,
PSAL,,,,,,
KKIL,,,,,,
RGCORP,Real Estate,,,,,
VINVANI,Investment Banking & Brokerage,,,,,
SHARPINV,,,,,,
SHIVKAMAL,Diversified Financials,,,,,
ZJEETMAC,Industrial Machinery,,,,,
VSDCONF,Real Estate,,,,,
VARDHANCFL,Specialized Finance,,,,,
SUERYAAKNI,Textiles,,,,,
FILTRON,,,,,,
SHIKHARLETR,Specialized Finance,,,,,
TFLL,Specialized Finance,,,,,
RAIDEEPIND,Textiles,,,,,
TVOLCON,Construction & Engineering,,,,,
UFMINDL,,,,,,
MIDPOLY,Plastic Products,,,,,
ALNATRD,Tea & Coffee,,,,,
HEALINV,Specialized Finance,,,,,
JYOTIN,Asset Management & Custody Banks,,,,,
SHYAM,Diversified Financials,,,,,
OXFORDIN,Textiles,,,,,
VIVIDIND,,,,,,
TTLEL,,,,,,
JUMBFNL,Investment Banking & Brokerage,,,,,
PUNCTRD,,,,,,
MULTIIN,Investment Banking & Brokerage,,,,,
CLENON,Cables,,,,,
HVL,,,,,,
MEENST,Specialized Finance,,,,,
TERRAREAL,Real Estate,,,,,
TWIROST,,,,,,
ZNIVITRD,Investment Banking & Brokerage,,,,,
TERRAFORM,Real Estate,,,,,
BAJGLOB,Consumer Finance,,,,,
MICROSE,Investment Banking & Brokerage,,,,,
NEWMKTADV,IT Services & Consulting,,,,,
ASUTENT,Investment Banking & Brokerage,,,,,
AVONMERC,Specialized Finance,,,,,
BENTCOM,,,,,,
KAJALSY,Investment Banking & Brokerage,,,,,
OSEASPR,Electrical Components & Equipments,,,,,
CHASBRT,,,,,,
ZMANSOON,,,,,,
ISHWATR,Specialized Finance,,,,,
TRIPR,Pharmaceuticals,,,,,
ZNILKENG,Diversified Financials,,,,,
DEVITRD,,,,,,
ZSATYASL,Investment Banking & Brokerage,,,,,
CLASELE,Electrical Components & Equipments,,,,,
PETPLST,Plastic Products,,,,,
JOLYPLS,Plastic Products,,,,,
IGLFXPL-B,Commodity Chemicals,,,,,
OSEINTRUST,Construction & Engineering,,,,,
AIRTELPP,Telecom Services,,,,,
HDFCSML250,Equity,,,,,
NIFMID150,Equity,,,,,
COMMOIETF,Equity,,,,,
AXSENSEX,Equity,,,,,
GSEC10IETF,Debt,,,,,
HDFCBSE500,Equity,,,,,
GOLDETF,Gold,,,,,
SILVRETF,Equity,,,,,
HIGHWAYS,Construction & Engineering,,,,,
SILVER1,Equity,,,,,
ANZEN,Power Transmission & Distribution,,,,,
GSEC10YEAR,Debt,,,,,
SILVERETF,Equity,,,,,
AUTOPRD,Auto Parts,,,,,
SMCREDT,,,,,,
PSUBNKIETF,Equity,,,,,
LOWVOL,Equity,,,,,
BANKETFADD,Equity,,,,,
HDFCMID150,Equity,,,,,
LIQUID1,Debt,,,,,
BANKETF,Equity,,,,,
FINIETF,Equity,,,,,
SENSEXADD,Equity,,,,,
MIT,,,,,,
EBBETF0433,Equity,,,,,
ITETFADD,Equity,,,,,
IRBIT,Roads,,,,,
ABSLLIQUID,Equity,,,,,
DIGIFIBRE,,,,,,
PSUBANKADD,Equity,,,,,
LIQUID,Debt,,,,,
MONIFTY500,Equity,,,,,
NAVINIFTY,Equity,,,,,
GOLDETFADD,Gold,,,,,
PVTBANKADD,Equity,,,,,
HDFCLIQUID,Debt,,,,,
QUAL30IETF,Equity,,,,,
SENSEXETF,Equity,,,,,
NDRINVIT,Logistics,,,,,
INDUSINVIT,Power Infrastructure,,,,,
ALPHAETF,Equity,,,,,
SKIPPERPP,,,,,,
GOLDCASE,Gold,,,,,
SOLARAPP1,,,,,,
ABSLPSE,Equity,,,,,
ABGSEC,Equity,,,,,
EGOLD,Gold,,,,,
NIF10GETF,Debt,,,,,
HEALTHADD,Equity,,,,,
MOREALTY,Equity,,,,,
SEITINVIT,Power Infrastructure,,,,,
YARNPP,,,,,,
BBNPNBETF,Equity,,,,,
NXT-INFRA,Roads,,,,,
MIDSMALL,Equity,,,,,
BANKBETF,Equity,,,,,
NIF5GETF,Debt,,,,,
ZARDIINV,Specialized Finance,,,,,
HDFCPSUBK,Equity,,,,,
LIQUIDSBI,Debt,,,,,
BBNPPGOLD,Gold,,,,,
MOSMALL250,Equity,,,,,
MID150CASE,Equity,,,,,
LIQUIDSHRI,Debt,,,,,
TATSILV,Equity,,,,,
LICNMID100,Equity,,,,,
GSEC10ABSL,Equity,,,,,
NIFTYBETF,Equity,,,,,
ISCITRUST,Logistics,,,,,
ITETF,Equity,,,,,
ESILVER,Equity,,,,,
TATAGOLD,Gold,,,,,
NIFITETF,Equity,,,,,
SMALLCAP,Equity,,,,,
LIQUIDCASE,Debt,,,,,
LIQUIDADD,Equity,,,,,
EVINDIA,Equity,,,,,
SBISILVER,Equity,,,,,
OILIETF,Equity,,,,,
METALIETF,Equity,,,,,
TOP100CASE,Equity,,,,,
GROWWEV,Equity,,,,,
SBINEQWETF,Equity,,,,,
MITCONPP,Education Services,,,,,
LIQUIDBETF,Debt,,,,,
MULTICAP,Equity,,,,,
MODEFENCE,Equity,,,,,
LIQUIDPLUS,Debt,,,,,
GROWWLIQID,Debt,,,,,
BANKPSU,Equity,,,,,
TOP10ADD,Equity,,,,,
VAL30IETF,Equity,,,,,
GROWWGOLD,Gold,,,,,
EMULTIMQ,Equity,,,,,
MOMENTUM50,Equity,,,,,
PEIL,Construction & Engineering,,,,,
CONSUMER,Equity,,,,,
GROWWDEFNC,Equity,,,,,
UPLPP1,,,,,,
ECAPINSURE,Equity,,,,,
CAPINVIT,Construction & Engineering,,,,,
METAL,Equity,,,,,
EBANKNIFTY,Equity,,,,,
NEXT30ADD,Equity,,,,,
GROWWRAIL,Equity,,,,,
UNIONGOLD,Gold,,,,,
MSCIINDIA,Equity,,,,,
GROWWN200,Equity,,,,,
CALSOFTPP,,,,,,
NIFTY100EW,Equity,,,,,
AONETOTAL,Equity,,,,,
MOCAPITAL,Equity,,,,,
GOLD360,Gold,,,,,
EQUAL200,Equity,,,,,
SELECTIPO,Equity,,,,,
CASHIETF,Equity,,,,,
AXISVALUE,Equity,,,,,
SILVERCASE,Equity,,,,,
SBIBPB,Equity,,,,,
MID150,Equity,,,,,
AONELIQUID,Debt,,,,,
SILVER360,Equity,,,,,
EVIETF,Equity,,,,,
SNLFPP,,,,,,
GROWWMOM50,Equity,,,,,
MON50EQUAL,Equity,,,,,
FUSIONPP,,,,,,
MONEXT50,Equity,,,,,
EQUAL50,Equity,,,,,
MOINFRA,Equity,,,,,
GROWWSLVR,Equity,,,,,
DCCL,,,,,,
MOMGF,Equity,,,,,
AONENIFTY,Equity,,,,,
MOPSE,Equity,,,,,
MOTOUR,Equity,,,,,
LLOYDSENPP,,,,,,
SNXT30BEES,Equity,,,,,
GROWWLOVOL,Equity,,,,,
TOP15IETF,Equity,,,,,
GROWWNET,Equity,,,,,
MOMIDMTM,Equity,,,,,
TVSINVIT,Logistics,,,,,
INTERNET,Equity,,,,,
APLABPP,,,,,,
MOALPHA50,Equity,,,,,
SMARTEN,,,,,,
CHEMKART,,,,,,
SEPCPP,,,,,,
TRAVELFOOD,,,,,,
GLEN,,,,,,